DATAFLOW,LAST UPDATE,freq,indic_de,geo,TIME_PERIOD,OBS_VALUE,OBS_FLAG
ESTAT:TPS00204(1.0),11/07/22 11:00:00,A,GBIRTHRT_THSP,AD,2010,9.8,
ESTAT:TPS00204(1.0),11/07/22 11:00:00,A,GBIRTHRT_THSP,AD,2012,9.5,
ESTAT:TPS00204(1.0),11/07/22 11:00:00,A,GBIRTHRT_THSP,AD,2016,8.8,e
ESTAT:TPS00204(1.0),11/07/22 11:00:00,A,GBIRTHRT_THSP,AD,2018,7.2,e
ESTAT:TPS00204(1.0),11/07/22 11:00:00,A,GBIRTHRT_THSP,AD,2019,7.0,e
ESTAT:TPS00204(1.0),11/07/22 11:00:00,A,GBIRTHRT_THSP,AL,2010,11.7,
ESTAT:TPS00204(1.0),11/07/22 11:00:00,A,GBIRTHRT_THSP,AL,2011,11.8,
ESTAT:TPS00204(1.0),11/07/22 11:00:00,A,GBIRTHRT_THSP,AL,2012,12.2,
ESTAT:TPS00204(1.0),11/07/22 11:00:00,A,GBIRTHRT_THSP,AL,2013,12.3,
ESTAT:TPS00204(1.0),11/07/22 11:00:00,A,GBIRTHRT_THSP,AL,2014,12.4,
ESTAT:TPS00204(1.0),11/07/22 11:00:00,A,GBIRTHRT_THSP,AL,2015,11.4,
ESTAT:TPS00204(1.0),11/07/22 11:00:00,A,GBIRTHRT_THSP,AL,2016,11.0,
ESTAT:TPS00204(1.0),11/07/22 11:00:00,A,GBIRTHRT_THSP,AL,2017,10.7,
ESTAT:TPS00204(1.0),11/07/22 11:00:00,A,GBIRTHRT_THSP,AL,2018,10.1,
ESTAT:TPS00204(1.0),11/07/22 11:00:00,A,GBIRTHRT_THSP,AL,2019,10.0,
ESTAT:TPS00204(1.0),11/07/22 11:00:00,A,GBIRTHRT_THSP,AL,2020,9.9,
ESTAT:TPS00204(1.0),11/07/22 11:00:00,A,GBIRTHRT_THSP,AL,2021,9.7,
ESTAT:TPS00204(1.0),11/07/22 11:00:00,A,GBIRTHRT_THSP,AM,2010,13.8,
ESTAT:TPS00204(1.0),11/07/22 11:00:00,A,GBIRTHRT_THSP,AM,2011,13.3,
ESTAT:TPS00204(1.0),11/07/22 11:00:00,A,GBIRTHRT_THSP,AM,2015,13.9,
ESTAT:TPS00204(1.0),11/07/22 11:00:00,A,GBIRTHRT_THSP,AM,2016,13.6,
ESTAT:TPS00204(1.0),11/07/22 11:00:00,A,GBIRTHRT_THSP,AM,2017,12.7,
ESTAT:TPS00204(1.0),11/07/22 11:00:00,A,GBIRTHRT_THSP,AM,2018,12.3,
ESTAT:TPS00204(1.0),11/07/22 11:00:00,A,GBIRTHRT_THSP,AM,2019,12.2,
ESTAT:TPS00204(1.0),11/07/22 11:00:00,A,GBIRTHRT_THSP,AM,2020,12.3,
ESTAT:TPS00204(1.0),11/07/22 11:00:00,A,GBIRTHRT_THSP,AT,2010,9.4,
ESTAT:TPS00204(1.0),11/07/22 11:00:00,A,GBIRTHRT_THSP,AT,2011,9.3,
ESTAT:TPS00204(1.0),11/07/22 11:00:00,A,GBIRTHRT_THSP,AT,2012,9.4,
ESTAT:TPS00204(1.0),11/07/22 11:00:00,A,GBIRTHRT_THSP,AT,2013,9.4,
ESTAT:TPS00204(1.0),11/07/22 11:00:00,A,GBIRTHRT_THSP,AT,2014,9.6,
ESTAT:TPS00204(1.0),11/07/22 11:00:00,A,GBIRTHRT_THSP,AT,2015,9.8,
ESTAT:TPS00204(1.0),11/07/22 11:00:00,A,GBIRTHRT_THSP,AT,2016,10.0,
ESTAT:TPS00204(1.0),11/07/22 11:00:00,A,GBIRTHRT_THSP,AT,2017,10.0,
ESTAT:TPS00204(1.0),11/07/22 11:00:00,A,GBIRTHRT_THSP,AT,2018,9.7,
ESTAT:TPS00204(1.0),11/07/22 11:00:00,A,GBIRTHRT_THSP,AT,2019,9.6,
ESTAT:TPS00204(1.0),11/07/22 11:00:00,A,GBIRTHRT_THSP,AT,2020,9.4,
ESTAT:TPS00204(1.0),11/07/22 11:00:00,A,GBIRTHRT_THSP,AT,2021,9.6,
ESTAT:TPS00204(1.0),11/07/22 11:00:00,A,GBIRTHRT_THSP,AZ,2010,18.3,
ESTAT:TPS00204(1.0),11/07/22 11:00:00,A,GBIRTHRT_THSP,AZ,2011,19.2,
ESTAT:TPS00204(1.0),11/07/22 11:00:00,A,GBIRTHRT_THSP,AZ,2012,18.8,
ESTAT:TPS00204(1.0),11/07/22 11:00:00,A,GBIRTHRT_THSP,AZ,2013,18.3,
ESTAT:TPS00204(1.0),11/07/22 11:00:00,A,GBIRTHRT_THSP,AZ,2014,17.9,
ESTAT:TPS00204(1.0),11/07/22 11:00:00,A,GBIRTHRT_THSP,AZ,2015,17.2,
ESTAT:TPS00204(1.0),11/07/22 11:00:00,A,GBIRTHRT_THSP,AZ,2016,16.3,
ESTAT:TPS00204(1.0),11/07/22 11:00:00,A,GBIRTHRT_THSP,AZ,2017,14.6,
ESTAT:TPS00204(1.0),11/07/22 11:00:00,A,GBIRTHRT_THSP,AZ,2018,14.0,
ESTAT:TPS00204(1.0),11/07/22 11:00:00,A,GBIRTHRT_THSP,AZ,2019,14.1,
ESTAT:TPS00204(1.0),11/07/22 11:00:00,A,GBIRTHRT_THSP,AZ,2020,12.5,
ESTAT:TPS00204(1.0),11/07/22 11:00:00,A,GBIRTHRT_THSP,AZ,2021,11.1,
ESTAT:TPS00204(1.0),11/07/22 11:00:00,A,GBIRTHRT_THSP,BA,2010,8.7,
ESTAT:TPS00204(1.0),11/07/22 11:00:00,A,GBIRTHRT_THSP,BA,2011,8.3,
ESTAT:TPS00204(1.0),11/07/22 11:00:00,A,GBIRTHRT_THSP,BA,2012,8.4,
ESTAT:TPS00204(1.0),11/07/22 11:00:00,A,GBIRTHRT_THSP,BA,2013,8.0,
ESTAT:TPS00204(1.0),11/07/22 11:00:00,A,GBIRTHRT_THSP,BA,2014,7.6,
ESTAT:TPS00204(1.0),11/07/22 11:00:00,A,GBIRTHRT_THSP,BA,2016,8.3,
ESTAT:TPS00204(1.0),11/07/22 11:00:00,A,GBIRTHRT_THSP,BA,2017,8.3,
ESTAT:TPS00204(1.0),11/07/22 11:00:00,A,GBIRTHRT_THSP,BA,2018,8.4,p
ESTAT:TPS00204(1.0),11/07/22 11:00:00,A,GBIRTHRT_THSP,BE,2010,11.9,
ESTAT:TPS00204(1.0),11/07/22 11:00:00,A,GBIRTHRT_THSP,BE,2011,11.7,b
ESTAT:TPS00204(1.0),11/07/22 11:00:00,A,GBIRTHRT_THSP,BE,2012,11.5,b
ESTAT:TPS00204(1.0),11/07/22 11:00:00,A,GBIRTHRT_THSP,BE,2013,11.3,
ESTAT:TPS00204(1.0),11/07/22 11:00:00,A,GBIRTHRT_THSP,BE,2014,11.2,
ESTAT:TPS00204(1.0),11/07/22 11:00:00,A,GBIRTHRT_THSP,BE,2015,10.8,
ESTAT:TPS00204(1.0),11/07/22 11:00:00,A,GBIRTHRT_THSP,BE,2016,10.8,
ESTAT:TPS00204(1.0),11/07/22 11:00:00,A,GBIRTHRT_THSP,BE,2017,10.5,
ESTAT:TPS00204(1.0),11/07/22 11:00:00,A,GBIRTHRT_THSP,BE,2018,10.4,
ESTAT:TPS00204(1.0),11/07/22 11:00:00,A,GBIRTHRT_THSP,BE,2019,10.2,
ESTAT:TPS00204(1.0),11/07/22 11:00:00,A,GBIRTHRT_THSP,BE,2020,9.9,
ESTAT:TPS00204(1.0),11/07/22 11:00:00,A,GBIRTHRT_THSP,BE,2021,10.2,p
ESTAT:TPS00204(1.0),11/07/22 11:00:00,A,GBIRTHRT_THSP,BG,2010,10.2,
ESTAT:TPS00204(1.0),11/07/22 11:00:00,A,GBIRTHRT_THSP,BG,2011,9.6,
ESTAT:TPS00204(1.0),11/07/22 11:00:00,A,GBIRTHRT_THSP,BG,2012,9.5,
ESTAT:TPS00204(1.0),11/07/22 11:00:00,A,GBIRTHRT_THSP,BG,2013,9.2,
ESTAT:TPS00204(1.0),11/07/22 11:00:00,A,GBIRTHRT_THSP,BG,2014,9.4,
ESTAT:TPS00204(1.0),11/07/22 11:00:00,A,GBIRTHRT_THSP,BG,2015,9.2,
ESTAT:TPS00204(1.0),11/07/22 11:00:00,A,GBIRTHRT_THSP,BG,2016,9.1,
ESTAT:TPS00204(1.0),11/07/22 11:00:00,A,GBIRTHRT_THSP,BG,2017,9.0,
ESTAT:TPS00204(1.0),11/07/22 11:00:00,A,GBIRTHRT_THSP,BG,2018,8.9,
ESTAT:TPS00204(1.0),11/07/22 11:00:00,A,GBIRTHRT_THSP,BG,2019,8.8,
ESTAT:TPS00204(1.0),11/07/22 11:00:00,A,GBIRTHRT_THSP,BG,2020,8.5,
ESTAT:TPS00204(1.0),11/07/22 11:00:00,A,GBIRTHRT_THSP,BG,2021,8.5,
ESTAT:TPS00204(1.0),11/07/22 11:00:00,A,GBIRTHRT_THSP,BY,2010,11.4,
ESTAT:TPS00204(1.0),11/07/22 11:00:00,A,GBIRTHRT_THSP,BY,2011,11.5,
ESTAT:TPS00204(1.0),11/07/22 11:00:00,A,GBIRTHRT_THSP,BY,2012,12.2,
ESTAT:TPS00204(1.0),11/07/22 11:00:00,A,GBIRTHRT_THSP,BY,2014,12.5,
ESTAT:TPS00204(1.0),11/07/22 11:00:00,A,GBIRTHRT_THSP,BY,2015,12.5,
ESTAT:TPS00204(1.0),11/07/22 11:00:00,A,GBIRTHRT_THSP,BY,2016,12.4,
ESTAT:TPS00204(1.0),11/07/22 11:00:00,A,GBIRTHRT_THSP,BY,2017,10.8,
ESTAT:TPS00204(1.0),11/07/22 11:00:00,A,GBIRTHRT_THSP,BY,2018,9.9,
ESTAT:TPS00204(1.0),11/07/22 11:00:00,A,GBIRTHRT_THSP,BY,2019,9.3,
ESTAT:TPS00204(1.0),11/07/22 11:00:00,A,GBIRTHRT_THSP,CH,2010,10.3,
ESTAT:TPS00204(1.0),11/07/22 11:00:00,A,GBIRTHRT_THSP,CH,2011,10.2,b
ESTAT:TPS00204(1.0),11/07/22 11:00:00,A,GBIRTHRT_THSP,CH,2012,10.3,
ESTAT:TPS00204(1.0),11/07/22 11:00:00,A,GBIRTHRT_THSP,CH,2013,10.2,
ESTAT:TPS00204(1.0),11/07/22 11:00:00,A,GBIRTHRT_THSP,CH,2014,10.4,
ESTAT:TPS00204(1.0),11/07/22 11:00:00,A,GBIRTHRT_THSP,CH,2015,10.5,
ESTAT:TPS00204(1.0),11/07/22 11:00:00,A,GBIRTHRT_THSP,CH,2016,10.5,
ESTAT:TPS00204(1.0),11/07/22 11:00:00,A,GBIRTHRT_THSP,CH,2017,10.3,
ESTAT:TPS00204(1.0),11/07/22 11:00:00,A,GBIRTHRT_THSP,CH,2018,10.3,
ESTAT:TPS00204(1.0),11/07/22 11:00:00,A,GBIRTHRT_THSP,CH,2019,10.0,
ESTAT:TPS00204(1.0),11/07/22 11:00:00,A,GBIRTHRT_THSP,CH,2020,9.9,
ESTAT:TPS00204(1.0),11/07/22 11:00:00,A,GBIRTHRT_THSP,CH,2021,10.3,p
ESTAT:TPS00204(1.0),11/07/22 11:00:00,A,GBIRTHRT_THSP,CY,2010,11.8,
ESTAT:TPS00204(1.0),11/07/22 11:00:00,A,GBIRTHRT_THSP,CY,2011,11.3,
ESTAT:TPS00204(1.0),11/07/22 11:00:00,A,GBIRTHRT_THSP,CY,2012,11.8,
ESTAT:TPS00204(1.0),11/07/22 11:00:00,A,GBIRTHRT_THSP,CY,2013,10.8,
ESTAT:TPS00204(1.0),11/07/22 11:00:00,A,GBIRTHRT_THSP,CY,2014,10.9,
ESTAT:TPS00204(1.0),11/07/22 11:00:00,A,GBIRTHRT_THSP,CY,2015,10.8,
ESTAT:TPS00204(1.0),11/07/22 11:00:00,A,GBIRTHRT_THSP,CY,2016,11.1,
ESTAT:TPS00204(1.0),11/07/22 11:00:00,A,GBIRTHRT_THSP,CY,2017,10.7,
ESTAT:TPS00204(1.0),11/07/22 11:00:00,A,GBIRTHRT_THSP,CY,2018,10.7,
ESTAT:TPS00204(1.0),11/07/22 11:00:00,A,GBIRTHRT_THSP,CY,2019,10.8,
ESTAT:TPS00204(1.0),11/07/22 11:00:00,A,GBIRTHRT_THSP,CY,2020,11.1,
ESTAT:TPS00204(1.0),11/07/22 11:00:00,A,GBIRTHRT_THSP,CY,2021,11.3,p
ESTAT:TPS00204(1.0),11/07/22 11:00:00,A,GBIRTHRT_THSP,CZ,2010,11.2,
ESTAT:TPS00204(1.0),11/07/22 11:00:00,A,GBIRTHRT_THSP,CZ,2011,10.4,
ESTAT:TPS00204(1.0),11/07/22 11:00:00,A,GBIRTHRT_THSP,CZ,2012,10.3,
ESTAT:TPS00204(1.0),11/07/22 11:00:00,A,GBIRTHRT_THSP,CZ,2013,10.2,
ESTAT:TPS00204(1.0),11/07/22 11:00:00,A,GBIRTHRT_THSP,CZ,2014,10.4,
ESTAT:TPS00204(1.0),11/07/22 11:00:00,A,GBIRTHRT_THSP,CZ,2015,10.5,
ESTAT:TPS00204(1.0),11/07/22 11:00:00,A,GBIRTHRT_THSP,CZ,2016,10.7,
ESTAT:TPS00204(1.0),11/07/22 11:00:00,A,GBIRTHRT_THSP,CZ,2017,10.8,
ESTAT:TPS00204(1.0),11/07/22 11:00:00,A,GBIRTHRT_THSP,CZ,2018,10.7,
ESTAT:TPS00204(1.0),11/07/22 11:00:00,A,GBIRTHRT_THSP,CZ,2019,10.5,
ESTAT:TPS00204(1.0),11/07/22 11:00:00,A,GBIRTHRT_THSP,CZ,2020,10.3,
ESTAT:TPS00204(1.0),11/07/22 11:00:00,A,GBIRTHRT_THSP,CZ,2021,10.6,b
ESTAT:TPS00204(1.0),11/07/22 11:00:00,A,GBIRTHRT_THSP,DE,2010,8.3,
ESTAT:TPS00204(1.0),11/07/22 11:00:00,A,GBIRTHRT_THSP,DE,2011,8.3,b
ESTAT:TPS00204(1.0),11/07/22 11:00:00,A,GBIRTHRT_THSP,DE,2012,8.4,
ESTAT:TPS00204(1.0),11/07/22 11:00:00,A,GBIRTHRT_THSP,DE,2013,8.5,
ESTAT:TPS00204(1.0),11/07/22 11:00:00,A,GBIRTHRT_THSP,DE,2014,8.8,
ESTAT:TPS00204(1.0),11/07/22 11:00:00,A,GBIRTHRT_THSP,DE,2015,9.0,
ESTAT:TPS00204(1.0),11/07/22 11:00:00,A,GBIRTHRT_THSP,DE,2016,9.6,
ESTAT:TPS00204(1.0),11/07/22 11:00:00,A,GBIRTHRT_THSP,DE,2017,9.5,
ESTAT:TPS00204(1.0),11/07/22 11:00:00,A,GBIRTHRT_THSP,DE,2018,9.5,
ESTAT:TPS00204(1.0),11/07/22 11:00:00,A,GBIRTHRT_THSP,DE,2019,9.4,
ESTAT:TPS00204(1.0),11/07/22 11:00:00,A,GBIRTHRT_THSP,DE,2020,9.3,
ESTAT:TPS00204(1.0),11/07/22 11:00:00,A,GBIRTHRT_THSP,DE,2021,9.6,
ESTAT:TPS00204(1.0),11/07/22 11:00:00,A,GBIRTHRT_THSP,DK,2010,11.4,
ESTAT:TPS00204(1.0),11/07/22 11:00:00,A,GBIRTHRT_THSP,DK,2011,10.6,
ESTAT:TPS00204(1.0),11/07/22 11:00:00,A,GBIRTHRT_THSP,DK,2012,10.4,
ESTAT:TPS00204(1.0),11/07/22 11:00:00,A,GBIRTHRT_THSP,DK,2013,10.0,
ESTAT:TPS00204(1.0),11/07/22 11:00:00,A,GBIRTHRT_THSP,DK,2014,10.1,
ESTAT:TPS00204(1.0),11/07/22 11:00:00,A,GBIRTHRT_THSP,DK,2015,10.2,
ESTAT:TPS00204(1.0),11/07/22 11:00:00,A,GBIRTHRT_THSP,DK,2016,10.8,
ESTAT:TPS00204(1.0),11/07/22 11:00:00,A,GBIRTHRT_THSP,DK,2017,10.6,
ESTAT:TPS00204(1.0),11/07/22 11:00:00,A,GBIRTHRT_THSP,DK,2018,10.6,
ESTAT:TPS00204(1.0),11/07/22 11:00:00,A,GBIRTHRT_THSP,DK,2019,10.5,
ESTAT:TPS00204(1.0),11/07/22 11:00:00,A,GBIRTHRT_THSP,DK,2020,10.4,
ESTAT:TPS00204(1.0),11/07/22 11:00:00,A,GBIRTHRT_THSP,DK,2021,10.8,
ESTAT:TPS00204(1.0),11/07/22 11:00:00,A,GBIRTHRT_THSP,EA18,2010,10.4,
ESTAT:TPS00204(1.0),11/07/22 11:00:00,A,GBIRTHRT_THSP,EA18,2011,10.1,b
ESTAT:TPS00204(1.0),11/07/22 11:00:00,A,GBIRTHRT_THSP,EA18,2012,10.0,b
ESTAT:TPS00204(1.0),11/07/22 11:00:00,A,GBIRTHRT_THSP,EA18,2013,9.7,
ESTAT:TPS00204(1.0),11/07/22 11:00:00,A,GBIRTHRT_THSP,EA18,2014,9.8,b
ESTAT:TPS00204(1.0),11/07/22 11:00:00,A,GBIRTHRT_THSP,EA18,2015,9.7,b
ESTAT:TPS00204(1.0),11/07/22 11:00:00,A,GBIRTHRT_THSP,EA18,2016,9.7,
ESTAT:TPS00204(1.0),11/07/22 11:00:00,A,GBIRTHRT_THSP,EA18,2017,9.5,b
ESTAT:TPS00204(1.0),11/07/22 11:00:00,A,GBIRTHRT_THSP,EA18,2018,9.3,e
ESTAT:TPS00204(1.0),11/07/22 11:00:00,A,GBIRTHRT_THSP,EA18,2019,9.1,bep
ESTAT:TPS00204(1.0),11/07/22 11:00:00,A,GBIRTHRT_THSP,EA18,2020,8.9,p
ESTAT:TPS00204(1.0),11/07/22 11:00:00,A,GBIRTHRT_THSP,EA18,2021,9.0,bep
ESTAT:TPS00204(1.0),11/07/22 11:00:00,A,GBIRTHRT_THSP,EA19,2010,10.3,
ESTAT:TPS00204(1.0),11/07/22 11:00:00,A,GBIRTHRT_THSP,EA19,2011,10.1,b
ESTAT:TPS00204(1.0),11/07/22 11:00:00,A,GBIRTHRT_THSP,EA19,2012,10.0,b
ESTAT:TPS00204(1.0),11/07/22 11:00:00,A,GBIRTHRT_THSP,EA19,2013,9.7,
ESTAT:TPS00204(1.0),11/07/22 11:00:00,A,GBIRTHRT_THSP,EA19,2014,9.8,b
ESTAT:TPS00204(1.0),11/07/22 11:00:00,A,GBIRTHRT_THSP,EA19,2015,9.7,b
ESTAT:TPS00204(1.0),11/07/22 11:00:00,A,GBIRTHRT_THSP,EA19,2016,9.7,
ESTAT:TPS00204(1.0),11/07/22 11:00:00,A,GBIRTHRT_THSP,EA19,2017,9.5,b
ESTAT:TPS00204(1.0),11/07/22 11:00:00,A,GBIRTHRT_THSP,EA19,2018,9.3,e
ESTAT:TPS00204(1.0),11/07/22 11:00:00,A,GBIRTHRT_THSP,EA19,2019,9.1,bep
ESTAT:TPS00204(1.0),11/07/22 11:00:00,A,GBIRTHRT_THSP,EA19,2020,8.9,p
ESTAT:TPS00204(1.0),11/07/22 11:00:00,A,GBIRTHRT_THSP,EA19,2021,9.0,bep
ESTAT:TPS00204(1.0),11/07/22 11:00:00,A,GBIRTHRT_THSP,EE,2010,11.9,
ESTAT:TPS00204(1.0),11/07/22 11:00:00,A,GBIRTHRT_THSP,EE,2011,11.1,
ESTAT:TPS00204(1.0),11/07/22 11:00:00,A,GBIRTHRT_THSP,EE,2012,10.6,
ESTAT:TPS00204(1.0),11/07/22 11:00:00,A,GBIRTHRT_THSP,EE,2013,10.3,
ESTAT:TPS00204(1.0),11/07/22 11:00:00,A,GBIRTHRT_THSP,EE,2014,10.3,
ESTAT:TPS00204(1.0),11/07/22 11:00:00,A,GBIRTHRT_THSP,EE,2015,10.6,b
ESTAT:TPS00204(1.0),11/07/22 11:00:00,A,GBIRTHRT_THSP,EE,2016,10.7,
ESTAT:TPS00204(1.0),11/07/22 11:00:00,A,GBIRTHRT_THSP,EE,2017,10.5,
ESTAT:TPS00204(1.0),11/07/22 11:00:00,A,GBIRTHRT_THSP,EE,2018,10.9,
ESTAT:TPS00204(1.0),11/07/22 11:00:00,A,GBIRTHRT_THSP,EE,2019,10.6,
ESTAT:TPS00204(1.0),11/07/22 11:00:00,A,GBIRTHRT_THSP,EE,2020,9.9,
ESTAT:TPS00204(1.0),11/07/22 11:00:00,A,GBIRTHRT_THSP,EE,2021,10.0,
ESTAT:TPS00204(1.0),11/07/22 11:00:00,A,GBIRTHRT_THSP,EL,2010,10.3,
ESTAT:TPS00204(1.0),11/07/22 11:00:00,A,GBIRTHRT_THSP,EL,2011,9.6,
ESTAT:TPS00204(1.0),11/07/22 11:00:00,A,GBIRTHRT_THSP,EL,2012,9.1,
ESTAT:TPS00204(1.0),11/07/22 11:00:00,A,GBIRTHRT_THSP,EL,2013,8.6,
ESTAT:TPS00204(1.0),11/07/22 11:00:00,A,GBIRTHRT_THSP,EL,2014,8.5,
ESTAT:TPS00204(1.0),11/07/22 11:00:00,A,GBIRTHRT_THSP,EL,2015,8.5,
ESTAT:TPS00204(1.0),11/07/22 11:00:00,A,GBIRTHRT_THSP,EL,2016,8.6,
ESTAT:TPS00204(1.0),11/07/22 11:00:00,A,GBIRTHRT_THSP,EL,2017,8.2,
ESTAT:TPS00204(1.0),11/07/22 11:00:00,A,GBIRTHRT_THSP,EL,2018,8.1,
ESTAT:TPS00204(1.0),11/07/22 11:00:00,A,GBIRTHRT_THSP,EL,2019,7.8,
ESTAT:TPS00204(1.0),11/07/22 11:00:00,A,GBIRTHRT_THSP,EL,2020,7.9,
ESTAT:TPS00204(1.0),11/07/22 11:00:00,A,GBIRTHRT_THSP,EL,2021,8.0,ep
ESTAT:TPS00204(1.0),11/07/22 11:00:00,A,GBIRTHRT_THSP,ES,2010,10.4,
ESTAT:TPS00204(1.0),11/07/22 11:00:00,A,GBIRTHRT_THSP,ES,2011,10.1,
ESTAT:TPS00204(1.0),11/07/22 11:00:00,A,GBIRTHRT_THSP,ES,2012,9.7,
ESTAT:TPS00204(1.0),11/07/22 11:00:00,A,GBIRTHRT_THSP,ES,2013,9.1,
ESTAT:TPS00204(1.0),11/07/22 11:00:00,A,GBIRTHRT_THSP,ES,2014,9.2,
ESTAT:TPS00204(1.0),11/07/22 11:00:00,A,GBIRTHRT_THSP,ES,2015,9.0,
ESTAT:TPS00204(1.0),11/07/22 11:00:00,A,GBIRTHRT_THSP,ES,2016,8.8,
ESTAT:TPS00204(1.0),11/07/22 11:00:00,A,GBIRTHRT_THSP,ES,2017,8.4,
ESTAT:TPS00204(1.0),11/07/22 11:00:00,A,GBIRTHRT_THSP,ES,2018,7.9,
ESTAT:TPS00204(1.0),11/07/22 11:00:00,A,GBIRTHRT_THSP,ES,2019,7.6,
ESTAT:TPS00204(1.0),11/07/22 11:00:00,A,GBIRTHRT_THSP,ES,2020,7.2,
ESTAT:TPS00204(1.0),11/07/22 11:00:00,A,GBIRTHRT_THSP,ES,2021,7.1,p
ESTAT:TPS00204(1.0),11/07/22 11:00:00,A,GBIRTHRT_THSP,EU27_2020,2010,10.4,b
ESTAT:TPS00204(1.0),11/07/22 11:00:00,A,GBIRTHRT_THSP,EU27_2020,2011,10.1,b
ESTAT:TPS00204(1.0),11/07/22 11:00:00,A,GBIRTHRT_THSP,EU27_2020,2012,10.0,b
ESTAT:TPS00204(1.0),11/07/22 11:00:00,A,GBIRTHRT_THSP,EU27_2020,2013,9.7,
ESTAT:TPS00204(1.0),11/07/22 11:00:00,A,GBIRTHRT_THSP,EU27_2020,2014,9.8,b
ESTAT:TPS00204(1.0),11/07/22 11:00:00,A,GBIRTHRT_THSP,EU27_2020,2015,9.7,b
ESTAT:TPS00204(1.0),11/07/22 11:00:00,A,GBIRTHRT_THSP,EU27_2020,2016,9.8,
ESTAT:TPS00204(1.0),11/07/22 11:00:00,A,GBIRTHRT_THSP,EU27_2020,2017,9.7,b
ESTAT:TPS00204(1.0),11/07/22 11:00:00,A,GBIRTHRT_THSP,EU27_2020,2018,9.5,e
ESTAT:TPS00204(1.0),11/07/22 11:00:00,A,GBIRTHRT_THSP,EU27_2020,2019,9.3,bep
ESTAT:TPS00204(1.0),11/07/22 11:00:00,A,GBIRTHRT_THSP,EU27_2020,2020,9.1,ep
ESTAT:TPS00204(1.0),11/07/22 11:00:00,A,GBIRTHRT_THSP,EU27_2020,2021,9.1,bep
ESTAT:TPS00204(1.0),11/07/22 11:00:00,A,GBIRTHRT_THSP,EU28,2010,10.7,b
ESTAT:TPS00204(1.0),11/07/22 11:00:00,A,GBIRTHRT_THSP,EU28,2011,10.5,b
ESTAT:TPS00204(1.0),11/07/22 11:00:00,A,GBIRTHRT_THSP,EU28,2012,10.4,b
ESTAT:TPS00204(1.0),11/07/22 11:00:00,A,GBIRTHRT_THSP,EU28,2013,10.0,
ESTAT:TPS00204(1.0),11/07/22 11:00:00,A,GBIRTHRT_THSP,EU28,2014,10.1,b
ESTAT:TPS00204(1.0),11/07/22 11:00:00,A,GBIRTHRT_THSP,EU28,2015,10.0,b
ESTAT:TPS00204(1.0),11/07/22 11:00:00,A,GBIRTHRT_THSP,EU28,2016,10.1,
ESTAT:TPS00204(1.0),11/07/22 11:00:00,A,GBIRTHRT_THSP,EU28,2017,9.9,b
ESTAT:TPS00204(1.0),11/07/22 11:00:00,A,GBIRTHRT_THSP,EU28,2018,9.7,e
ESTAT:TPS00204(1.0),11/07/22 11:00:00,A,GBIRTHRT_THSP,EU28,2019,9.5,bep
ESTAT:TPS00204(1.0),11/07/22 11:00:00,A,GBIRTHRT_THSP,FI,2010,11.4,
ESTAT:TPS00204(1.0),11/07/22 11:00:00,A,GBIRTHRT_THSP,FI,2011,11.1,
ESTAT:TPS00204(1.0),11/07/22 11:00:00,A,GBIRTHRT_THSP,FI,2012,11.0,
ESTAT:TPS00204(1.0),11/07/22 11:00:00,A,GBIRTHRT_THSP,FI,2013,10.7,
ESTAT:TPS00204(1.0),11/07/22 11:00:00,A,GBIRTHRT_THSP,FI,2014,10.5,
ESTAT:TPS00204(1.0),11/07/22 11:00:00,A,GBIRTHRT_THSP,FI,2015,10.1,
ESTAT:TPS00204(1.0),11/07/22 11:00:00,A,GBIRTHRT_THSP,FI,2016,9.6,
ESTAT:TPS00204(1.0),11/07/22 11:00:00,A,GBIRTHRT_THSP,FI,2017,9.1,
ESTAT:TPS00204(1.0),11/07/22 11:00:00,A,GBIRTHRT_THSP,FI,2018,8.6,
ESTAT:TPS00204(1.0),11/07/22 11:00:00,A,GBIRTHRT_THSP,FI,2019,8.3,
ESTAT:TPS00204(1.0),11/07/22 11:00:00,A,GBIRTHRT_THSP,FI,2020,8.4,
ESTAT:TPS00204(1.0),11/07/22 11:00:00,A,GBIRTHRT_THSP,FI,2021,9.0,
ESTAT:TPS00204(1.0),11/07/22 11:00:00,A,GBIRTHRT_THSP,FR,2010,12.9,
ESTAT:TPS00204(1.0),11/07/22 11:00:00,A,GBIRTHRT_THSP,FR,2011,12.7,
ESTAT:TPS00204(1.0),11/07/22 11:00:00,A,GBIRTHRT_THSP,FR,2012,12.6,
ESTAT:TPS00204(1.0),11/07/22 11:00:00,A,GBIRTHRT_THSP,FR,2013,12.4,
ESTAT:TPS00204(1.0),11/07/22 11:00:00,A,GBIRTHRT_THSP,FR,2014,12.4,b
ESTAT:TPS00204(1.0),11/07/22 11:00:00,A,GBIRTHRT_THSP,FR,2015,12.0,
ESTAT:TPS00204(1.0),11/07/22 11:00:00,A,GBIRTHRT_THSP,FR,2016,11.8,
ESTAT:TPS00204(1.0),11/07/22 11:00:00,A,GBIRTHRT_THSP,FR,2017,11.5,
ESTAT:TPS00204(1.0),11/07/22 11:00:00,A,GBIRTHRT_THSP,FR,2018,11.3,
ESTAT:TPS00204(1.0),11/07/22 11:00:00,A,GBIRTHRT_THSP,FR,2019,11.2,p
ESTAT:TPS00204(1.0),11/07/22 11:00:00,A,GBIRTHRT_THSP,FR,2020,10.9,p
ESTAT:TPS00204(1.0),11/07/22 11:00:00,A,GBIRTHRT_THSP,FR,2021,10.9,p
ESTAT:TPS00204(1.0),11/07/22 11:00:00,A,GBIRTHRT_THSP,FX,2010,12.8,
ESTAT:TPS00204(1.0),11/07/22 11:00:00,A,GBIRTHRT_THSP,FX,2011,12.5,
ESTAT:TPS00204(1.0),11/07/22 11:00:00,A,GBIRTHRT_THSP,FX,2012,12.4,
ESTAT:TPS00204(1.0),11/07/22 11:00:00,A,GBIRTHRT_THSP,GE,2010,14.1,
ESTAT:TPS00204(1.0),11/07/22 11:00:00,A,GBIRTHRT_THSP,GE,2011,12.9,
ESTAT:TPS00204(1.0),11/07/22 11:00:00,A,GBIRTHRT_THSP,GE,2014,14.8,b
ESTAT:TPS00204(1.0),11/07/22 11:00:00,A,GBIRTHRT_THSP,GE,2015,15.9,
ESTAT:TPS00204(1.0),11/07/22 11:00:00,A,GBIRTHRT_THSP,GE,2016,15.2,
ESTAT:TPS00204(1.0),11/07/22 11:00:00,A,GBIRTHRT_THSP,GE,2017,14.3,
ESTAT:TPS00204(1.0),11/07/22 11:00:00,A,GBIRTHRT_THSP,GE,2018,13.7,
ESTAT:TPS00204(1.0),11/07/22 11:00:00,A,GBIRTHRT_THSP,GE,2019,13.0,
ESTAT:TPS00204(1.0),11/07/22 11:00:00,A,GBIRTHRT_THSP,GE,2020,12.5,
ESTAT:TPS00204(1.0),11/07/22 11:00:00,A,GBIRTHRT_THSP,GE,2021,12.4,
ESTAT:TPS00204(1.0),11/07/22 11:00:00,A,GBIRTHRT_THSP,HR,2010,10.1,
ESTAT:TPS00204(1.0),11/07/22 11:00:00,A,GBIRTHRT_THSP,HR,2011,9.6,
ESTAT:TPS00204(1.0),11/07/22 11:00:00,A,GBIRTHRT_THSP,HR,2012,9.8,
ESTAT:TPS00204(1.0),11/07/22 11:00:00,A,GBIRTHRT_THSP,HR,2013,9.4,
ESTAT:TPS00204(1.0),11/07/22 11:00:00,A,GBIRTHRT_THSP,HR,2014,9.3,
ESTAT:TPS00204(1.0),11/07/22 11:00:00,A,GBIRTHRT_THSP,HR,2015,8.9,
ESTAT:TPS00204(1.0),11/07/22 11:00:00,A,GBIRTHRT_THSP,HR,2016,9.0,
ESTAT:TPS00204(1.0),11/07/22 11:00:00,A,GBIRTHRT_THSP,HR,2017,8.9,
ESTAT:TPS00204(1.0),11/07/22 11:00:00,A,GBIRTHRT_THSP,HR,2018,9.0,
ESTAT:TPS00204(1.0),11/07/22 11:00:00,A,GBIRTHRT_THSP,HR,2019,8.9,
ESTAT:TPS00204(1.0),11/07/22 11:00:00,A,GBIRTHRT_THSP,HR,2020,8.9,
ESTAT:TPS00204(1.0),11/07/22 11:00:00,A,GBIRTHRT_THSP,HR,2021,9.2,bp
ESTAT:TPS00204(1.0),11/07/22 11:00:00,A,GBIRTHRT_THSP,HU,2010,9.0,
ESTAT:TPS00204(1.0),11/07/22 11:00:00,A,GBIRTHRT_THSP,HU,2011,8.8,
ESTAT:TPS00204(1.0),11/07/22 11:00:00,A,GBIRTHRT_THSP,HU,2012,9.1,b
ESTAT:TPS00204(1.0),11/07/22 11:00:00,A,GBIRTHRT_THSP,HU,2013,9.0,
ESTAT:TPS00204(1.0),11/07/22 11:00:00,A,GBIRTHRT_THSP,HU,2014,9.5,
ESTAT:TPS00204(1.0),11/07/22 11:00:00,A,GBIRTHRT_THSP,HU,2015,9.4,
ESTAT:TPS00204(1.0),11/07/22 11:00:00,A,GBIRTHRT_THSP,HU,2016,9.7,
ESTAT:TPS00204(1.0),11/07/22 11:00:00,A,GBIRTHRT_THSP,HU,2017,9.7,
ESTAT:TPS00204(1.0),11/07/22 11:00:00,A,GBIRTHRT_THSP,HU,2018,9.6,
ESTAT:TPS00204(1.0),11/07/22 11:00:00,A,GBIRTHRT_THSP,HU,2019,9.5,
ESTAT:TPS00204(1.0),11/07/22 11:00:00,A,GBIRTHRT_THSP,HU,2020,9.6,
ESTAT:TPS00204(1.0),11/07/22 11:00:00,A,GBIRTHRT_THSP,HU,2021,9.7,
ESTAT:TPS00204(1.0),11/07/22 11:00:00,A,GBIRTHRT_THSP,IE,2010,16.5,
ESTAT:TPS00204(1.0),11/07/22 11:00:00,A,GBIRTHRT_THSP,IE,2011,16.2,
ESTAT:TPS00204(1.0),11/07/22 11:00:00,A,GBIRTHRT_THSP,IE,2012,15.6,
ESTAT:TPS00204(1.0),11/07/22 11:00:00,A,GBIRTHRT_THSP,IE,2013,14.9,
ESTAT:TPS00204(1.0),11/07/22 11:00:00,A,GBIRTHRT_THSP,IE,2014,14.4,
ESTAT:TPS00204(1.0),11/07/22 11:00:00,A,GBIRTHRT_THSP,IE,2015,13.9,
ESTAT:TPS00204(1.0),11/07/22 11:00:00,A,GBIRTHRT_THSP,IE,2016,13.4,
ESTAT:TPS00204(1.0),11/07/22 11:00:00,A,GBIRTHRT_THSP,IE,2017,12.9,
ESTAT:TPS00204(1.0),11/07/22 11:00:00,A,GBIRTHRT_THSP,IE,2018,12.5,e
ESTAT:TPS00204(1.0),11/07/22 11:00:00,A,GBIRTHRT_THSP,IE,2019,12.0,e
ESTAT:TPS00204(1.0),11/07/22 11:00:00,A,GBIRTHRT_THSP,IE,2020,11.2,
ESTAT:TPS00204(1.0),11/07/22 11:00:00,A,GBIRTHRT_THSP,IE,2021,11.6,
ESTAT:TPS00204(1.0),11/07/22 11:00:00,A,GBIRTHRT_THSP,IS,2010,15.4,
ESTAT:TPS00204(1.0),11/07/22 11:00:00,A,GBIRTHRT_THSP,IS,2011,14.1,
ESTAT:TPS00204(1.0),11/07/22 11:00:00,A,GBIRTHRT_THSP,IS,2012,14.1,
ESTAT:TPS00204(1.0),11/07/22 11:00:00,A,GBIRTHRT_THSP,IS,2013,13.4,
ESTAT:TPS00204(1.0),11/07/22 11:00:00,A,GBIRTHRT_THSP,IS,2014,13.4,
ESTAT:TPS00204(1.0),11/07/22 11:00:00,A,GBIRTHRT_THSP,IS,2015,12.5,
ESTAT:TPS00204(1.0),11/07/22 11:00:00,A,GBIRTHRT_THSP,IS,2016,12.0,
ESTAT:TPS00204(1.0),11/07/22 11:00:00,A,GBIRTHRT_THSP,IS,2017,11.9,
ESTAT:TPS00204(1.0),11/07/22 11:00:00,A,GBIRTHRT_THSP,IS,2018,12.0,
ESTAT:TPS00204(1.0),11/07/22 11:00:00,A,GBIRTHRT_THSP,IS,2019,12.3,
ESTAT:TPS00204(1.0),11/07/22 11:00:00,A,GBIRTHRT_THSP,IS,2020,12.3,
ESTAT:TPS00204(1.0),11/07/22 11:00:00,A,GBIRTHRT_THSP,IS,2021,13.1,
ESTAT:TPS00204(1.0),11/07/22 11:00:00,A,GBIRTHRT_THSP,IT,2010,9.5,
ESTAT:TPS00204(1.0),11/07/22 11:00:00,A,GBIRTHRT_THSP,IT,2011,9.2,
ESTAT:TPS00204(1.0),11/07/22 11:00:00,A,GBIRTHRT_THSP,IT,2012,9.0,
ESTAT:TPS00204(1.0),11/07/22 11:00:00,A,GBIRTHRT_THSP,IT,2013,8.5,
ESTAT:TPS00204(1.0),11/07/22 11:00:00,A,GBIRTHRT_THSP,IT,2014,8.3,
ESTAT:TPS00204(1.0),11/07/22 11:00:00,A,GBIRTHRT_THSP,IT,2015,8.0,
ESTAT:TPS00204(1.0),11/07/22 11:00:00,A,GBIRTHRT_THSP,IT,2016,7.8,
ESTAT:TPS00204(1.0),11/07/22 11:00:00,A,GBIRTHRT_THSP,IT,2017,7.6,
ESTAT:TPS00204(1.0),11/07/22 11:00:00,A,GBIRTHRT_THSP,IT,2018,7.3,
ESTAT:TPS00204(1.0),11/07/22 11:00:00,A,GBIRTHRT_THSP,IT,2019,7.0,b
ESTAT:TPS00204(1.0),11/07/22 11:00:00,A,GBIRTHRT_THSP,IT,2020,6.8,
ESTAT:TPS00204(1.0),11/07/22 11:00:00,A,GBIRTHRT_THSP,IT,2021,6.8,p
ESTAT:TPS00204(1.0),11/07/22 11:00:00,A,GBIRTHRT_THSP,LI,2010,9.1,
ESTAT:TPS00204(1.0),11/07/22 11:00:00,A,GBIRTHRT_THSP,LI,2011,10.9,
ESTAT:TPS00204(1.0),11/07/22 11:00:00,A,GBIRTHRT_THSP,LI,2012,9.7,
ESTAT:TPS00204(1.0),11/07/22 11:00:00,A,GBIRTHRT_THSP,LI,2013,9.2,
ESTAT:TPS00204(1.0),11/07/22 11:00:00,A,GBIRTHRT_THSP,LI,2014,10.0,
ESTAT:TPS00204(1.0),11/07/22 11:00:00,A,GBIRTHRT_THSP,LI,2015,8.7,
ESTAT:TPS00204(1.0),11/07/22 11:00:00,A,GBIRTHRT_THSP,LI,2016,10.0,
ESTAT:TPS00204(1.0),11/07/22 11:00:00,A,GBIRTHRT_THSP,LI,2017,8.9,
ESTAT:TPS00204(1.0),11/07/22 11:00:00,A,GBIRTHRT_THSP,LI,2018,9.9,
ESTAT:TPS00204(1.0),11/07/22 11:00:00,A,GBIRTHRT_THSP,LI,2019,9.2,
ESTAT:TPS00204(1.0),11/07/22 11:00:00,A,GBIRTHRT_THSP,LI,2020,9.1,
ESTAT:TPS00204(1.0),11/07/22 11:00:00,A,GBIRTHRT_THSP,LI,2021,9.6,p
ESTAT:TPS00204(1.0),11/07/22 11:00:00,A,GBIRTHRT_THSP,LT,2010,9.9,
ESTAT:TPS00204(1.0),11/07/22 11:00:00,A,GBIRTHRT_THSP,LT,2011,10.0,
ESTAT:TPS00204(1.0),11/07/22 11:00:00,A,GBIRTHRT_THSP,LT,2012,10.2,
ESTAT:TPS00204(1.0),11/07/22 11:00:00,A,GBIRTHRT_THSP,LT,2013,10.1,
ESTAT:TPS00204(1.0),11/07/22 11:00:00,A,GBIRTHRT_THSP,LT,2014,10.4,
ESTAT:TPS00204(1.0),11/07/22 11:00:00,A,GBIRTHRT_THSP,LT,2015,10.8,
ESTAT:TPS00204(1.0),11/07/22 11:00:00,A,GBIRTHRT_THSP,LT,2016,10.7,
ESTAT:TPS00204(1.0),11/07/22 11:00:00,A,GBIRTHRT_THSP,LT,2017,10.1,
ESTAT:TPS00204(1.0),11/07/22 11:00:00,A,GBIRTHRT_THSP,LT,2018,10.0,
ESTAT:TPS00204(1.0),11/07/22 11:00:00,A,GBIRTHRT_THSP,LT,2019,9.8,
ESTAT:TPS00204(1.0),11/07/22 11:00:00,A,GBIRTHRT_THSP,LT,2020,9.0,
ESTAT:TPS00204(1.0),11/07/22 11:00:00,A,GBIRTHRT_THSP,LT,2021,8.3,
ESTAT:TPS00204(1.0),11/07/22 11:00:00,A,GBIRTHRT_THSP,LU,2010,11.6,
ESTAT:TPS00204(1.0),11/07/22 11:00:00,A,GBIRTHRT_THSP,LU,2011,10.9,
ESTAT:TPS00204(1.0),11/07/22 11:00:00,A,GBIRTHRT_THSP,LU,2012,11.3,b
ESTAT:TPS00204(1.0),11/07/22 11:00:00,A,GBIRTHRT_THSP,LU,2013,11.3,
ESTAT:TPS00204(1.0),11/07/22 11:00:00,A,GBIRTHRT_THSP,LU,2014,10.9,
ESTAT:TPS00204(1.0),11/07/22 11:00:00,A,GBIRTHRT_THSP,LU,2015,10.7,
ESTAT:TPS00204(1.0),11/07/22 11:00:00,A,GBIRTHRT_THSP,LU,2016,10.4,
ESTAT:TPS00204(1.0),11/07/22 11:00:00,A,GBIRTHRT_THSP,LU,2017,10.4,b
ESTAT:TPS00204(1.0),11/07/22 11:00:00,A,GBIRTHRT_THSP,LU,2018,10.3,
ESTAT:TPS00204(1.0),11/07/22 11:00:00,A,GBIRTHRT_THSP,LU,2019,10.0,
ESTAT:TPS00204(1.0),11/07/22 11:00:00,A,GBIRTHRT_THSP,LU,2020,10.2,
ESTAT:TPS00204(1.0),11/07/22 11:00:00,A,GBIRTHRT_THSP,LU,2021,10.5,
ESTAT:TPS00204(1.0),11/07/22 11:00:00,A,GBIRTHRT_THSP,LV,2010,9.4,
ESTAT:TPS00204(1.0),11/07/22 11:00:00,A,GBIRTHRT_THSP,LV,2011,9.1,
ESTAT:TPS00204(1.0),11/07/22 11:00:00,A,GBIRTHRT_THSP,LV,2012,9.8,
ESTAT:TPS00204(1.0),11/07/22 11:00:00,A,GBIRTHRT_THSP,LV,2013,10.2,
ESTAT:TPS00204(1.0),11/07/22 11:00:00,A,GBIRTHRT_THSP,LV,2014,10.9,
ESTAT:TPS00204(1.0),11/07/22 11:00:00,A,GBIRTHRT_THSP,LV,2015,11.1,
ESTAT:TPS00204(1.0),11/07/22 11:00:00,A,GBIRTHRT_THSP,LV,2016,11.2,
ESTAT:TPS00204(1.0),11/07/22 11:00:00,A,GBIRTHRT_THSP,LV,2017,10.7,
ESTAT:TPS00204(1.0),11/07/22 11:00:00,A,GBIRTHRT_THSP,LV,2018,10.0,
ESTAT:TPS00204(1.0),11/07/22 11:00:00,A,GBIRTHRT_THSP,LV,2019,9.8,
ESTAT:TPS00204(1.0),11/07/22 11:00:00,A,GBIRTHRT_THSP,LV,2020,9.2,
ESTAT:TPS00204(1.0),11/07/22 11:00:00,A,GBIRTHRT_THSP,LV,2021,9.2,
ESTAT:TPS00204(1.0),11/07/22 11:00:00,A,GBIRTHRT_THSP,MC,2015,8.1,e
ESTAT:TPS00204(1.0),11/07/22 11:00:00,A,GBIRTHRT_THSP,MC,2016,7.8,e
ESTAT:TPS00204(1.0),11/07/22 11:00:00,A,GBIRTHRT_THSP,MC,2018,5.9,e
ESTAT:TPS00204(1.0),11/07/22 11:00:00,A,GBIRTHRT_THSP,MD,2010,11.4,
ESTAT:TPS00204(1.0),11/07/22 11:00:00,A,GBIRTHRT_THSP,MD,2011,11.0,
ESTAT:TPS00204(1.0),11/07/22 11:00:00,A,GBIRTHRT_THSP,MD,2012,11.1,
ESTAT:TPS00204(1.0),11/07/22 11:00:00,A,GBIRTHRT_THSP,MD,2013,10.6,
ESTAT:TPS00204(1.0),11/07/22 11:00:00,A,GBIRTHRT_THSP,MD,2014,14.3,be
ESTAT:TPS00204(1.0),11/07/22 11:00:00,A,GBIRTHRT_THSP,MD,2015,14.4,e
ESTAT:TPS00204(1.0),11/07/22 11:00:00,A,GBIRTHRT_THSP,MD,2016,14.3,e
ESTAT:TPS00204(1.0),11/07/22 11:00:00,A,GBIRTHRT_THSP,MD,2017,13.3,ep
ESTAT:TPS00204(1.0),11/07/22 11:00:00,A,GBIRTHRT_THSP,MD,2018,12.8,e
ESTAT:TPS00204(1.0),11/07/22 11:00:00,A,GBIRTHRT_THSP,MD,2019,12.0,e
ESTAT:TPS00204(1.0),11/07/22 11:00:00,A,GBIRTHRT_THSP,MD,2020,11.7,ep
ESTAT:TPS00204(1.0),11/07/22 11:00:00,A,GBIRTHRT_THSP,ME,2010,12.0,b
ESTAT:TPS00204(1.0),11/07/22 11:00:00,A,GBIRTHRT_THSP,ME,2011,11.6,
ESTAT:TPS00204(1.0),11/07/22 11:00:00,A,GBIRTHRT_THSP,ME,2012,12.0,
ESTAT:TPS00204(1.0),11/07/22 11:00:00,A,GBIRTHRT_THSP,ME,2013,12.0,
ESTAT:TPS00204(1.0),11/07/22 11:00:00,A,GBIRTHRT_THSP,ME,2014,12.1,
ESTAT:TPS00204(1.0),11/07/22 11:00:00,A,GBIRTHRT_THSP,ME,2015,11.9,
ESTAT:TPS00204(1.0),11/07/22 11:00:00,A,GBIRTHRT_THSP,ME,2016,12.2,
ESTAT:TPS00204(1.0),11/07/22 11:00:00,A,GBIRTHRT_THSP,ME,2017,11.9,
ESTAT:TPS00204(1.0),11/07/22 11:00:00,A,GBIRTHRT_THSP,ME,2018,11.7,
ESTAT:TPS00204(1.0),11/07/22 11:00:00,A,GBIRTHRT_THSP,ME,2019,11.6,
ESTAT:TPS00204(1.0),11/07/22 11:00:00,A,GBIRTHRT_THSP,ME,2020,11.4,
ESTAT:TPS00204(1.0),11/07/22 11:00:00,A,GBIRTHRT_THSP,ME,2021,11.4,
ESTAT:TPS00204(1.0),11/07/22 11:00:00,A,GBIRTHRT_THSP,MK,2010,11.8,
ESTAT:TPS00204(1.0),11/07/22 11:00:00,A,GBIRTHRT_THSP,MK,2011,11.1,
ESTAT:TPS00204(1.0),11/07/22 11:00:00,A,GBIRTHRT_THSP,MK,2012,11.4,
ESTAT:TPS00204(1.0),11/07/22 11:00:00,A,GBIRTHRT_THSP,MK,2013,11.2,
ESTAT:TPS00204(1.0),11/07/22 11:00:00,A,GBIRTHRT_THSP,MK,2014,11.4,
ESTAT:TPS00204(1.0),11/07/22 11:00:00,A,GBIRTHRT_THSP,MK,2015,11.1,
ESTAT:TPS00204(1.0),11/07/22 11:00:00,A,GBIRTHRT_THSP,MK,2016,11.1,
ESTAT:TPS00204(1.0),11/07/22 11:00:00,A,GBIRTHRT_THSP,MK,2017,10.5,
ESTAT:TPS00204(1.0),11/07/22 11:00:00,A,GBIRTHRT_THSP,MK,2018,10.3,
ESTAT:TPS00204(1.0),11/07/22 11:00:00,A,GBIRTHRT_THSP,MK,2019,9.6,
ESTAT:TPS00204(1.0),11/07/22 11:00:00,A,GBIRTHRT_THSP,MK,2020,9.2,
ESTAT:TPS00204(1.0),11/07/22 11:00:00,A,GBIRTHRT_THSP,MK,2021,9.5,b
ESTAT:TPS00204(1.0),11/07/22 11:00:00,A,GBIRTHRT_THSP,MT,2010,9.4,
ESTAT:TPS00204(1.0),11/07/22 11:00:00,A,GBIRTHRT_THSP,MT,2011,10.0,
ESTAT:TPS00204(1.0),11/07/22 11:00:00,A,GBIRTHRT_THSP,MT,2012,9.8,
ESTAT:TPS00204(1.0),11/07/22 11:00:00,A,GBIRTHRT_THSP,MT,2013,9.5,
ESTAT:TPS00204(1.0),11/07/22 11:00:00,A,GBIRTHRT_THSP,MT,2014,9.6,
ESTAT:TPS00204(1.0),11/07/22 11:00:00,A,GBIRTHRT_THSP,MT,2015,9.7,
ESTAT:TPS00204(1.0),11/07/22 11:00:00,A,GBIRTHRT_THSP,MT,2016,9.8,
ESTAT:TPS00204(1.0),11/07/22 11:00:00,A,GBIRTHRT_THSP,MT,2017,9.2,
ESTAT:TPS00204(1.0),11/07/22 11:00:00,A,GBIRTHRT_THSP,MT,2018,9.2,
ESTAT:TPS00204(1.0),11/07/22 11:00:00,A,GBIRTHRT_THSP,MT,2019,8.6,
ESTAT:TPS00204(1.0),11/07/22 11:00:00,A,GBIRTHRT_THSP,MT,2020,8.6,
ESTAT:TPS00204(1.0),11/07/22 11:00:00,A,GBIRTHRT_THSP,MT,2021,8.5,
ESTAT:TPS00204(1.0),11/07/22 11:00:00,A,GBIRTHRT_THSP,NL,2010,11.1,
ESTAT:TPS00204(1.0),11/07/22 11:00:00,A,GBIRTHRT_THSP,NL,2011,10.8,
ESTAT:TPS00204(1.0),11/07/22 11:00:00,A,GBIRTHRT_THSP,NL,2012,10.5,
ESTAT:TPS00204(1.0),11/07/22 11:00:00,A,GBIRTHRT_THSP,NL,2013,10.2,
ESTAT:TPS00204(1.0),11/07/22 11:00:00,A,GBIRTHRT_THSP,NL,2014,10.4,
ESTAT:TPS00204(1.0),11/07/22 11:00:00,A,GBIRTHRT_THSP,NL,2015,10.1,
ESTAT:TPS00204(1.0),11/07/22 11:00:00,A,GBIRTHRT_THSP,NL,2016,10.1,
ESTAT:TPS00204(1.0),11/07/22 11:00:00,A,GBIRTHRT_THSP,NL,2017,9.9,
ESTAT:TPS00204(1.0),11/07/22 11:00:00,A,GBIRTHRT_THSP,NL,2018,9.8,
ESTAT:TPS00204(1.0),11/07/22 11:00:00,A,GBIRTHRT_THSP,NL,2019,9.8,
ESTAT:TPS00204(1.0),11/07/22 11:00:00,A,GBIRTHRT_THSP,NL,2020,9.7,
ESTAT:TPS00204(1.0),11/07/22 11:00:00,A,GBIRTHRT_THSP,NL,2021,10.2,
ESTAT:TPS00204(1.0),11/07/22 11:00:00,A,GBIRTHRT_THSP,NO,2010,12.6,
ESTAT:TPS00204(1.0),11/07/22 11:00:00,A,GBIRTHRT_THSP,NO,2011,12.2,
ESTAT:TPS00204(1.0),11/07/22 11:00:00,A,GBIRTHRT_THSP,NO,2012,12.0,
ESTAT:TPS00204(1.0),11/07/22 11:00:00,A,GBIRTHRT_THSP,NO,2013,11.6,
ESTAT:TPS00204(1.0),11/07/22 11:00:00,A,GBIRTHRT_THSP,NO,2014,11.5,
ESTAT:TPS00204(1.0),11/07/22 11:00:00,A,GBIRTHRT_THSP,NO,2015,11.3,
ESTAT:TPS00204(1.0),11/07/22 11:00:00,A,GBIRTHRT_THSP,NO,2016,11.3,
ESTAT:TPS00204(1.0),11/07/22 11:00:00,A,GBIRTHRT_THSP,NO,2017,10.7,
ESTAT:TPS00204(1.0),11/07/22 11:00:00,A,GBIRTHRT_THSP,NO,2018,10.4,
ESTAT:TPS00204(1.0),11/07/22 11:00:00,A,GBIRTHRT_THSP,NO,2019,10.2,
ESTAT:TPS00204(1.0),11/07/22 11:00:00,A,GBIRTHRT_THSP,NO,2020,9.8,
ESTAT:TPS00204(1.0),11/07/22 11:00:00,A,GBIRTHRT_THSP,NO,2021,10.4,
ESTAT:TPS00204(1.0),11/07/22 11:00:00,A,GBIRTHRT_THSP,PL,2010,10.9,b
ESTAT:TPS00204(1.0),11/07/22 11:00:00,A,GBIRTHRT_THSP,PL,2011,10.2,
ESTAT:TPS00204(1.0),11/07/22 11:00:00,A,GBIRTHRT_THSP,PL,2012,10.1,
ESTAT:TPS00204(1.0),11/07/22 11:00:00,A,GBIRTHRT_THSP,PL,2013,9.7,
ESTAT:TPS00204(1.0),11/07/22 11:00:00,A,GBIRTHRT_THSP,PL,2014,9.9,
ESTAT:TPS00204(1.0),11/07/22 11:00:00,A,GBIRTHRT_THSP,PL,2015,9.7,
ESTAT:TPS00204(1.0),11/07/22 11:00:00,A,GBIRTHRT_THSP,PL,2016,10.1,
ESTAT:TPS00204(1.0),11/07/22 11:00:00,A,GBIRTHRT_THSP,PL,2017,10.6,
ESTAT:TPS00204(1.0),11/07/22 11:00:00,A,GBIRTHRT_THSP,PL,2018,10.2,e
ESTAT:TPS00204(1.0),11/07/22 11:00:00,A,GBIRTHRT_THSP,PL,2019,9.9,e
ESTAT:TPS00204(1.0),11/07/22 11:00:00,A,GBIRTHRT_THSP,PL,2020,9.4,ep
ESTAT:TPS00204(1.0),11/07/22 11:00:00,A,GBIRTHRT_THSP,PL,2021,8.8,ep
ESTAT:TPS00204(1.0),11/07/22 11:00:00,A,GBIRTHRT_THSP,PT,2010,9.6,
ESTAT:TPS00204(1.0),11/07/22 11:00:00,A,GBIRTHRT_THSP,PT,2011,9.2,
ESTAT:TPS00204(1.0),11/07/22 11:00:00,A,GBIRTHRT_THSP,PT,2012,8.5,
ESTAT:TPS00204(1.0),11/07/22 11:00:00,A,GBIRTHRT_THSP,PT,2013,7.9,
ESTAT:TPS00204(1.0),11/07/22 11:00:00,A,GBIRTHRT_THSP,PT,2014,7.9,
ESTAT:TPS00204(1.0),11/07/22 11:00:00,A,GBIRTHRT_THSP,PT,2015,8.3,
ESTAT:TPS00204(1.0),11/07/22 11:00:00,A,GBIRTHRT_THSP,PT,2016,8.4,
ESTAT:TPS00204(1.0),11/07/22 11:00:00,A,GBIRTHRT_THSP,PT,2017,8.4,
ESTAT:TPS00204(1.0),11/07/22 11:00:00,A,GBIRTHRT_THSP,PT,2018,8.5,
ESTAT:TPS00204(1.0),11/07/22 11:00:00,A,GBIRTHRT_THSP,PT,2019,8.4,
ESTAT:TPS00204(1.0),11/07/22 11:00:00,A,GBIRTHRT_THSP,PT,2020,8.2,
ESTAT:TPS00204(1.0),11/07/22 11:00:00,A,GBIRTHRT_THSP,PT,2021,7.7,bp
ESTAT:TPS00204(1.0),11/07/22 11:00:00,A,GBIRTHRT_THSP,RO,2010,10.5,
ESTAT:TPS00204(1.0),11/07/22 11:00:00,A,GBIRTHRT_THSP,RO,2011,9.7,
ESTAT:TPS00204(1.0),11/07/22 11:00:00,A,GBIRTHRT_THSP,RO,2012,10.0,
ESTAT:TPS00204(1.0),11/07/22 11:00:00,A,GBIRTHRT_THSP,RO,2013,9.4,
ESTAT:TPS00204(1.0),11/07/22 11:00:00,A,GBIRTHRT_THSP,RO,2014,10.0,
ESTAT:TPS00204(1.0),11/07/22 11:00:00,A,GBIRTHRT_THSP,RO,2015,10.2,
ESTAT:TPS00204(1.0),11/07/22 11:00:00,A,GBIRTHRT_THSP,RO,2016,10.4,
ESTAT:TPS00204(1.0),11/07/22 11:00:00,A,GBIRTHRT_THSP,RO,2017,10.8,
ESTAT:TPS00204(1.0),11/07/22 11:00:00,A,GBIRTHRT_THSP,RO,2018,10.8,
ESTAT:TPS00204(1.0),11/07/22 11:00:00,A,GBIRTHRT_THSP,RO,2019,10.3,e
ESTAT:TPS00204(1.0),11/07/22 11:00:00,A,GBIRTHRT_THSP,RO,2020,10.3,e
ESTAT:TPS00204(1.0),11/07/22 11:00:00,A,GBIRTHRT_THSP,RO,2021,9.3,ep
ESTAT:TPS00204(1.0),11/07/22 11:00:00,A,GBIRTHRT_THSP,RS,2010,9.4,
ESTAT:TPS00204(1.0),11/07/22 11:00:00,A,GBIRTHRT_THSP,RS,2011,9.1,b
ESTAT:TPS00204(1.0),11/07/22 11:00:00,A,GBIRTHRT_THSP,RS,2012,9.3,
ESTAT:TPS00204(1.0),11/07/22 11:00:00,A,GBIRTHRT_THSP,RS,2013,9.2,
ESTAT:TPS00204(1.0),11/07/22 11:00:00,A,GBIRTHRT_THSP,RS,2014,9.3,
ESTAT:TPS00204(1.0),11/07/22 11:00:00,A,GBIRTHRT_THSP,RS,2015,9.3,
ESTAT:TPS00204(1.0),11/07/22 11:00:00,A,GBIRTHRT_THSP,RS,2016,9.2,
ESTAT:TPS00204(1.0),11/07/22 11:00:00,A,GBIRTHRT_THSP,RS,2017,9.2,
ESTAT:TPS00204(1.0),11/07/22 11:00:00,A,GBIRTHRT_THSP,RS,2018,9.2,
ESTAT:TPS00204(1.0),11/07/22 11:00:00,A,GBIRTHRT_THSP,RS,2019,9.3,
ESTAT:TPS00204(1.0),11/07/22 11:00:00,A,GBIRTHRT_THSP,RS,2020,8.9,
ESTAT:TPS00204(1.0),11/07/22 11:00:00,A,GBIRTHRT_THSP,RS,2021,9.1,
ESTAT:TPS00204(1.0),11/07/22 11:00:00,A,GBIRTHRT_THSP,RU,2010,12.6,
ESTAT:TPS00204(1.0),11/07/22 11:00:00,A,GBIRTHRT_THSP,RU,2011,12.6,
ESTAT:TPS00204(1.0),11/07/22 11:00:00,A,GBIRTHRT_THSP,SE,2010,12.3,
ESTAT:TPS00204(1.0),11/07/22 11:00:00,A,GBIRTHRT_THSP,SE,2011,11.8,
ESTAT:TPS00204(1.0),11/07/22 11:00:00,A,GBIRTHRT_THSP,SE,2012,11.9,
ESTAT:TPS00204(1.0),11/07/22 11:00:00,A,GBIRTHRT_THSP,SE,2013,11.8,
ESTAT:TPS00204(1.0),11/07/22 11:00:00,A,GBIRTHRT_THSP,SE,2014,11.9,
ESTAT:TPS00204(1.0),11/07/22 11:00:00,A,GBIRTHRT_THSP,SE,2015,11.7,
ESTAT:TPS00204(1.0),11/07/22 11:00:00,A,GBIRTHRT_THSP,SE,2016,11.8,
ESTAT:TPS00204(1.0),11/07/22 11:00:00,A,GBIRTHRT_THSP,SE,2017,11.5,
ESTAT:TPS00204(1.0),11/07/22 11:00:00,A,GBIRTHRT_THSP,SE,2018,11.4,
ESTAT:TPS00204(1.0),11/07/22 11:00:00,A,GBIRTHRT_THSP,SE,2019,11.1,
ESTAT:TPS00204(1.0),11/07/22 11:00:00,A,GBIRTHRT_THSP,SE,2020,10.9,
ESTAT:TPS00204(1.0),11/07/22 11:00:00,A,GBIRTHRT_THSP,SE,2021,11.0,
ESTAT:TPS00204(1.0),11/07/22 11:00:00,A,GBIRTHRT_THSP,SI,2010,10.9,
ESTAT:TPS00204(1.0),11/07/22 11:00:00,A,GBIRTHRT_THSP,SI,2011,10.7,
ESTAT:TPS00204(1.0),11/07/22 11:00:00,A,GBIRTHRT_THSP,SI,2012,10.7,
ESTAT:TPS00204(1.0),11/07/22 11:00:00,A,GBIRTHRT_THSP,SI,2013,10.2,
ESTAT:TPS00204(1.0),11/07/22 11:00:00,A,GBIRTHRT_THSP,SI,2014,10.3,
ESTAT:TPS00204(1.0),11/07/22 11:00:00,A,GBIRTHRT_THSP,SI,2015,10.0,
ESTAT:TPS00204(1.0),11/07/22 11:00:00,A,GBIRTHRT_THSP,SI,2016,9.9,
ESTAT:TPS00204(1.0),11/07/22 11:00:00,A,GBIRTHRT_THSP,SI,2017,9.8,
ESTAT:TPS00204(1.0),11/07/22 11:00:00,A,GBIRTHRT_THSP,SI,2018,9.4,
ESTAT:TPS00204(1.0),11/07/22 11:00:00,A,GBIRTHRT_THSP,SI,2019,9.3,
ESTAT:TPS00204(1.0),11/07/22 11:00:00,A,GBIRTHRT_THSP,SI,2020,8.9,
ESTAT:TPS00204(1.0),11/07/22 11:00:00,A,GBIRTHRT_THSP,SI,2021,9.0,
ESTAT:TPS00204(1.0),11/07/22 11:00:00,A,GBIRTHRT_THSP,SK,2010,11.2,
ESTAT:TPS00204(1.0),11/07/22 11:00:00,A,GBIRTHRT_THSP,SK,2011,11.3,
ESTAT:TPS00204(1.0),11/07/22 11:00:00,A,GBIRTHRT_THSP,SK,2012,10.3,
ESTAT:TPS00204(1.0),11/07/22 11:00:00,A,GBIRTHRT_THSP,SK,2013,10.1,
ESTAT:TPS00204(1.0),11/07/22 11:00:00,A,GBIRTHRT_THSP,SK,2014,10.2,
ESTAT:TPS00204(1.0),11/07/22 11:00:00,A,GBIRTHRT_THSP,SK,2015,10.3,
ESTAT:TPS00204(1.0),11/07/22 11:00:00,A,GBIRTHRT_THSP,SK,2016,10.6,
ESTAT:TPS00204(1.0),11/07/22 11:00:00,A,GBIRTHRT_THSP,SK,2017,10.7,
ESTAT:TPS00204(1.0),11/07/22 11:00:00,A,GBIRTHRT_THSP,SK,2018,10.6,
ESTAT:TPS00204(1.0),11/07/22 11:00:00,A,GBIRTHRT_THSP,SK,2019,10.5,
ESTAT:TPS00204(1.0),11/07/22 11:00:00,A,GBIRTHRT_THSP,SK,2020,10.4,
ESTAT:TPS00204(1.0),11/07/22 11:00:00,A,GBIRTHRT_THSP,SK,2021,10.4,
ESTAT:TPS00204(1.0),11/07/22 11:00:00,A,GBIRTHRT_THSP,SM,2011,10.0,
ESTAT:TPS00204(1.0),11/07/22 11:00:00,A,GBIRTHRT_THSP,SM,2012,8.7,
ESTAT:TPS00204(1.0),11/07/22 11:00:00,A,GBIRTHRT_THSP,SM,2013,9.7,
ESTAT:TPS00204(1.0),11/07/22 11:00:00,A,GBIRTHRT_THSP,SM,2014,9.1,
ESTAT:TPS00204(1.0),11/07/22 11:00:00,A,GBIRTHRT_THSP,SM,2015,8.2,
ESTAT:TPS00204(1.0),11/07/22 11:00:00,A,GBIRTHRT_THSP,SM,2016,7.9,
ESTAT:TPS00204(1.0),11/07/22 11:00:00,A,GBIRTHRT_THSP,SM,2017,6.7,
ESTAT:TPS00204(1.0),11/07/22 11:00:00,A,GBIRTHRT_THSP,SM,2018,6.8,
ESTAT:TPS00204(1.0),11/07/22 11:00:00,A,GBIRTHRT_THSP,SM,2019,6.7,
ESTAT:TPS00204(1.0),11/07/22 11:00:00,A,GBIRTHRT_THSP,SM,2021,6.2,
ESTAT:TPS00204(1.0),11/07/22 11:00:00,A,GBIRTHRT_THSP,TR,2010,16.9,
ESTAT:TPS00204(1.0),11/07/22 11:00:00,A,GBIRTHRT_THSP,TR,2011,16.7,
ESTAT:TPS00204(1.0),11/07/22 11:00:00,A,GBIRTHRT_THSP,TR,2012,17.0,
ESTAT:TPS00204(1.0),11/07/22 11:00:00,A,GBIRTHRT_THSP,TR,2013,16.8,
ESTAT:TPS00204(1.0),11/07/22 11:00:00,A,GBIRTHRT_THSP,TR,2014,17.3,
ESTAT:TPS00204(1.0),11/07/22 11:00:00,A,GBIRTHRT_THSP,TR,2015,16.9,
ESTAT:TPS00204(1.0),11/07/22 11:00:00,A,GBIRTHRT_THSP,TR,2016,16.5,
ESTAT:TPS00204(1.0),11/07/22 11:00:00,A,GBIRTHRT_THSP,TR,2017,16.1,
ESTAT:TPS00204(1.0),11/07/22 11:00:00,A,GBIRTHRT_THSP,TR,2018,15.3,be
ESTAT:TPS00204(1.0),11/07/22 11:00:00,A,GBIRTHRT_THSP,TR,2019,14.3,be
ESTAT:TPS00204(1.0),11/07/22 11:00:00,A,GBIRTHRT_THSP,TR,2020,13.3,
ESTAT:TPS00204(1.0),11/07/22 11:00:00,A,GBIRTHRT_THSP,TR,2021,12.8,
ESTAT:TPS00204(1.0),11/07/22 11:00:00,A,GBIRTHRT_THSP,UA,2010,10.9,
ESTAT:TPS00204(1.0),11/07/22 11:00:00,A,GBIRTHRT_THSP,UA,2011,11.0,
ESTAT:TPS00204(1.0),11/07/22 11:00:00,A,GBIRTHRT_THSP,UA,2012,11.5,
ESTAT:TPS00204(1.0),11/07/22 11:00:00,A,GBIRTHRT_THSP,UA,2013,11.1,
ESTAT:TPS00204(1.0),11/07/22 11:00:00,A,GBIRTHRT_THSP,UA,2015,9.6,b
ESTAT:TPS00204(1.0),11/07/22 11:00:00,A,GBIRTHRT_THSP,UA,2016,9.3,
ESTAT:TPS00204(1.0),11/07/22 11:00:00,A,GBIRTHRT_THSP,UA,2017,8.6,
ESTAT:TPS00204(1.0),11/07/22 11:00:00,A,GBIRTHRT_THSP,UA,2018,8.0,
ESTAT:TPS00204(1.0),11/07/22 11:00:00,A,GBIRTHRT_THSP,UA,2019,7.4,
ESTAT:TPS00204(1.0),11/07/22 11:00:00,A,GBIRTHRT_THSP,UA,2020,7.1,
ESTAT:TPS00204(1.0),11/07/22 11:00:00,A,GBIRTHRT_THSP,UA,2021,6.6,e
ESTAT:TPS00204(1.0),11/07/22 11:00:00,A,GBIRTHRT_THSP,UK,2010,12.9,
ESTAT:TPS00204(1.0),11/07/22 11:00:00,A,GBIRTHRT_THSP,UK,2011,12.8,
ESTAT:TPS00204(1.0),11/07/22 11:00:00,A,GBIRTHRT_THSP,UK,2012,12.8,
ESTAT:TPS00204(1.0),11/07/22 11:00:00,A,GBIRTHRT_THSP,UK,2013,12.1,
ESTAT:TPS00204(1.0),11/07/22 11:00:00,A,GBIRTHRT_THSP,UK,2014,12.0,
ESTAT:TPS00204(1.0),11/07/22 11:00:00,A,GBIRTHRT_THSP,UK,2015,11.9,
ESTAT:TPS00204(1.0),11/07/22 11:00:00,A,GBIRTHRT_THSP,UK,2016,11.8,
ESTAT:TPS00204(1.0),11/07/22 11:00:00,A,GBIRTHRT_THSP,UK,2017,11.4,
ESTAT:TPS00204(1.0),11/07/22 11:00:00,A,GBIRTHRT_THSP,UK,2018,11.0,
ESTAT:TPS00204(1.0),11/07/22 11:00:00,A,GBIRTHRT_THSP,UK,2019,10.7,p
ESTAT:TPS00204(1.0),11/07/22 11:00:00,A,GBIRTHRT_THSP,XK,2010,16.9,b
ESTAT:TPS00204(1.0),11/07/22 11:00:00,A,GBIRTHRT_THSP,XK,2011,15.5,b
ESTAT:TPS00204(1.0),11/07/22 11:00:00,A,GBIRTHRT_THSP,XK,2012,15.4,e
ESTAT:TPS00204(1.0),11/07/22 11:00:00,A,GBIRTHRT_THSP,XK,2013,16.1,e
ESTAT:TPS00204(1.0),11/07/22 11:00:00,A,GBIRTHRT_THSP,XK,2014,14.3,e
ESTAT:TPS00204(1.0),11/07/22 11:00:00,A,GBIRTHRT_THSP,XK,2015,13.8,e
ESTAT:TPS00204(1.0),11/07/22 11:00:00,A,GBIRTHRT_THSP,XK,2016,13.2,e
ESTAT:TPS00204(1.0),11/07/22 11:00:00,A,GBIRTHRT_THSP,XK,2017,13.1,e
ESTAT:TPS00204(1.0),11/07/22 11:00:00,A,GBIRTHRT_THSP,XK,2018,12.7,
ESTAT:TPS00204(1.0),11/07/22 11:00:00,A,GBIRTHRT_THSP,XK,2019,12.2,
ESTAT:TPS00204(1.0),11/07/22 11:00:00,A,LBIRTH_NR,AD,2010,828,
ESTAT:TPS00204(1.0),11/07/22 11:00:00,A,LBIRTH_NR,AD,2012,737,
ESTAT:TPS00204(1.0),11/07/22 11:00:00,A,LBIRTH_NR,AD,2016,634,
ESTAT:TPS00204(1.0),11/07/22 11:00:00,A,LBIRTH_NR,AD,2018,543,
ESTAT:TPS00204(1.0),11/07/22 11:00:00,A,LBIRTH_NR,AD,2019,539,
ESTAT:TPS00204(1.0),11/07/22 11:00:00,A,LBIRTH_NR,AD,2021,503,
ESTAT:TPS00204(1.0),11/07/22 11:00:00,A,LBIRTH_NR,AL,2010,34061,
ESTAT:TPS00204(1.0),11/07/22 11:00:00,A,LBIRTH_NR,AL,2011,34285,
ESTAT:TPS00204(1.0),11/07/22 11:00:00,A,LBIRTH_NR,AL,2012,35473,
ESTAT:TPS00204(1.0),11/07/22 11:00:00,A,LBIRTH_NR,AL,2013,35750,
ESTAT:TPS00204(1.0),11/07/22 11:00:00,A,LBIRTH_NR,AL,2014,35760,
ESTAT:TPS00204(1.0),11/07/22 11:00:00,A,LBIRTH_NR,AL,2015,32715,
ESTAT:TPS00204(1.0),11/07/22 11:00:00,A,LBIRTH_NR,AL,2016,31733,
ESTAT:TPS00204(1.0),11/07/22 11:00:00,A,LBIRTH_NR,AL,2017,30869,
ESTAT:TPS00204(1.0),11/07/22 11:00:00,A,LBIRTH_NR,AL,2018,28934,
ESTAT:TPS00204(1.0),11/07/22 11:00:00,A,LBIRTH_NR,AL,2019,28561,
ESTAT:TPS00204(1.0),11/07/22 11:00:00,A,LBIRTH_NR,AL,2020,28075,
ESTAT:TPS00204(1.0),11/07/22 11:00:00,A,LBIRTH_NR,AL,2021,27211,
ESTAT:TPS00204(1.0),11/07/22 11:00:00,A,LBIRTH_NR,AM,2010,44825,
ESTAT:TPS00204(1.0),11/07/22 11:00:00,A,LBIRTH_NR,AM,2011,43340,
ESTAT:TPS00204(1.0),11/07/22 11:00:00,A,LBIRTH_NR,AM,2013,41790,
ESTAT:TPS00204(1.0),11/07/22 11:00:00,A,LBIRTH_NR,AM,2014,43031,
ESTAT:TPS00204(1.0),11/07/22 11:00:00,A,LBIRTH_NR,AM,2015,41763,
ESTAT:TPS00204(1.0),11/07/22 11:00:00,A,LBIRTH_NR,AM,2016,40592,
ESTAT:TPS00204(1.0),11/07/22 11:00:00,A,LBIRTH_NR,AM,2017,37700,
ESTAT:TPS00204(1.0),11/07/22 11:00:00,A,LBIRTH_NR,AM,2018,36574,
ESTAT:TPS00204(1.0),11/07/22 11:00:00,A,LBIRTH_NR,AM,2019,36041,
ESTAT:TPS00204(1.0),11/07/22 11:00:00,A,LBIRTH_NR,AM,2020,36353,
ESTAT:TPS00204(1.0),11/07/22 11:00:00,A,LBIRTH_NR,AT,2010,78742,
ESTAT:TPS00204(1.0),11/07/22 11:00:00,A,LBIRTH_NR,AT,2011,78109,
ESTAT:TPS00204(1.0),11/07/22 11:00:00,A,LBIRTH_NR,AT,2012,78952,
ESTAT:TPS00204(1.0),11/07/22 11:00:00,A,LBIRTH_NR,AT,2013,79330,
ESTAT:TPS00204(1.0),11/07/22 11:00:00,A,LBIRTH_NR,AT,2014,81722,
ESTAT:TPS00204(1.0),11/07/22 11:00:00,A,LBIRTH_NR,AT,2015,84381,
ESTAT:TPS00204(1.0),11/07/22 11:00:00,A,LBIRTH_NR,AT,2016,87675,
ESTAT:TPS00204(1.0),11/07/22 11:00:00,A,LBIRTH_NR,AT,2017,87633,
ESTAT:TPS00204(1.0),11/07/22 11:00:00,A,LBIRTH_NR,AT,2018,85535,
ESTAT:TPS00204(1.0),11/07/22 11:00:00,A,LBIRTH_NR,AT,2019,84952,
ESTAT:TPS00204(1.0),11/07/22 11:00:00,A,LBIRTH_NR,AT,2020,83603,
ESTAT:TPS00204(1.0),11/07/22 11:00:00,A,LBIRTH_NR,AT,2021,86078,
ESTAT:TPS00204(1.0),11/07/22 11:00:00,A,LBIRTH_NR,AZ,2010,165643,
ESTAT:TPS00204(1.0),11/07/22 11:00:00,A,LBIRTH_NR,AZ,2011,176072,
ESTAT:TPS00204(1.0),11/07/22 11:00:00,A,LBIRTH_NR,AZ,2012,174469,
ESTAT:TPS00204(1.0),11/07/22 11:00:00,A,LBIRTH_NR,AZ,2013,172671,
ESTAT:TPS00204(1.0),11/07/22 11:00:00,A,LBIRTH_NR,AZ,2014,170503,
ESTAT:TPS00204(1.0),11/07/22 11:00:00,A,LBIRTH_NR,AZ,2015,166210,
ESTAT:TPS00204(1.0),11/07/22 11:00:00,A,LBIRTH_NR,AZ,2016,159464,
ESTAT:TPS00204(1.0),11/07/22 11:00:00,A,LBIRTH_NR,AZ,2017,144041,
ESTAT:TPS00204(1.0),11/07/22 11:00:00,A,LBIRTH_NR,AZ,2018,138982,
ESTAT:TPS00204(1.0),11/07/22 11:00:00,A,LBIRTH_NR,AZ,2019,141179,
ESTAT:TPS00204(1.0),11/07/22 11:00:00,A,LBIRTH_NR,AZ,2020,126571,
ESTAT:TPS00204(1.0),11/07/22 11:00:00,A,LBIRTH_NR,AZ,2021,112284,
ESTAT:TPS00204(1.0),11/07/22 11:00:00,A,LBIRTH_NR,BA,2010,33528,
ESTAT:TPS00204(1.0),11/07/22 11:00:00,A,LBIRTH_NR,BA,2011,31875,
ESTAT:TPS00204(1.0),11/07/22 11:00:00,A,LBIRTH_NR,BA,2012,32547,
ESTAT:TPS00204(1.0),11/07/22 11:00:00,A,LBIRTH_NR,BA,2013,30684,
ESTAT:TPS00204(1.0),11/07/22 11:00:00,A,LBIRTH_NR,BA,2014,29247,
ESTAT:TPS00204(1.0),11/07/22 11:00:00,A,LBIRTH_NR,BA,2016,29276,
ESTAT:TPS00204(1.0),11/07/22 11:00:00,A,LBIRTH_NR,BA,2017,29158,
ESTAT:TPS00204(1.0),11/07/22 11:00:00,A,LBIRTH_NR,BA,2018,29467,
ESTAT:TPS00204(1.0),11/07/22 11:00:00,A,LBIRTH_NR,BE,2010,130100,
ESTAT:TPS00204(1.0),11/07/22 11:00:00,A,LBIRTH_NR,BE,2011,128705,
ESTAT:TPS00204(1.0),11/07/22 11:00:00,A,LBIRTH_NR,BE,2012,128051,
ESTAT:TPS00204(1.0),11/07/22 11:00:00,A,LBIRTH_NR,BE,2013,125606,
ESTAT:TPS00204(1.0),11/07/22 11:00:00,A,LBIRTH_NR,BE,2014,125014,
ESTAT:TPS00204(1.0),11/07/22 11:00:00,A,LBIRTH_NR,BE,2015,122274,
ESTAT:TPS00204(1.0),11/07/22 11:00:00,A,LBIRTH_NR,BE,2016,121896,
ESTAT:TPS00204(1.0),11/07/22 11:00:00,A,LBIRTH_NR,BE,2017,119690,
ESTAT:TPS00204(1.0),11/07/22 11:00:00,A,LBIRTH_NR,BE,2018,118319,
ESTAT:TPS00204(1.0),11/07/22 11:00:00,A,LBIRTH_NR,BE,2019,117695,
ESTAT:TPS00204(1.0),11/07/22 11:00:00,A,LBIRTH_NR,BE,2020,114350,
ESTAT:TPS00204(1.0),11/07/22 11:00:00,A,LBIRTH_NR,BE,2021,118349,p
ESTAT:TPS00204(1.0),11/07/22 11:00:00,A,LBIRTH_NR,BG,2010,75513,
ESTAT:TPS00204(1.0),11/07/22 11:00:00,A,LBIRTH_NR,BG,2011,70846,
ESTAT:TPS00204(1.0),11/07/22 11:00:00,A,LBIRTH_NR,BG,2012,69121,
ESTAT:TPS00204(1.0),11/07/22 11:00:00,A,LBIRTH_NR,BG,2013,66578,
ESTAT:TPS00204(1.0),11/07/22 11:00:00,A,LBIRTH_NR,BG,2014,67585,
ESTAT:TPS00204(1.0),11/07/22 11:00:00,A,LBIRTH_NR,BG,2015,65950,
ESTAT:TPS00204(1.0),11/07/22 11:00:00,A,LBIRTH_NR,BG,2016,64984,
ESTAT:TPS00204(1.0),11/07/22 11:00:00,A,LBIRTH_NR,BG,2017,63955,
ESTAT:TPS00204(1.0),11/07/22 11:00:00,A,LBIRTH_NR,BG,2018,62197,
ESTAT:TPS00204(1.0),11/07/22 11:00:00,A,LBIRTH_NR,BG,2019,61538,
ESTAT:TPS00204(1.0),11/07/22 11:00:00,A,LBIRTH_NR,BG,2020,59086,
ESTAT:TPS00204(1.0),11/07/22 11:00:00,A,LBIRTH_NR,BG,2021,58678,
ESTAT:TPS00204(1.0),11/07/22 11:00:00,A,LBIRTH_NR,BY,2010,108050,
ESTAT:TPS00204(1.0),11/07/22 11:00:00,A,LBIRTH_NR,BY,2011,109147,
ESTAT:TPS00204(1.0),11/07/22 11:00:00,A,LBIRTH_NR,BY,2012,115893,
ESTAT:TPS00204(1.0),11/07/22 11:00:00,A,LBIRTH_NR,BY,2013,117997,
ESTAT:TPS00204(1.0),11/07/22 11:00:00,A,LBIRTH_NR,BY,2014,118534,
ESTAT:TPS00204(1.0),11/07/22 11:00:00,A,LBIRTH_NR,BY,2015,119028,
ESTAT:TPS00204(1.0),11/07/22 11:00:00,A,LBIRTH_NR,BY,2016,117779,
ESTAT:TPS00204(1.0),11/07/22 11:00:00,A,LBIRTH_NR,BY,2017,102556,
ESTAT:TPS00204(1.0),11/07/22 11:00:00,A,LBIRTH_NR,BY,2018,94042,
ESTAT:TPS00204(1.0),11/07/22 11:00:00,A,LBIRTH_NR,BY,2019,87602,
ESTAT:TPS00204(1.0),11/07/22 11:00:00,A,LBIRTH_NR,CH,2010,80290,
ESTAT:TPS00204(1.0),11/07/22 11:00:00,A,LBIRTH_NR,CH,2011,80808,
ESTAT:TPS00204(1.0),11/07/22 11:00:00,A,LBIRTH_NR,CH,2012,82164,
ESTAT:TPS00204(1.0),11/07/22 11:00:00,A,LBIRTH_NR,CH,2013,82731,
ESTAT:TPS00204(1.0),11/07/22 11:00:00,A,LBIRTH_NR,CH,2014,85287,
ESTAT:TPS00204(1.0),11/07/22 11:00:00,A,LBIRTH_NR,CH,2015,86559,
ESTAT:TPS00204(1.0),11/07/22 11:00:00,A,LBIRTH_NR,CH,2016,87883,
ESTAT:TPS00204(1.0),11/07/22 11:00:00,A,LBIRTH_NR,CH,2017,87381,
ESTAT:TPS00204(1.0),11/07/22 11:00:00,A,LBIRTH_NR,CH,2018,87851,
ESTAT:TPS00204(1.0),11/07/22 11:00:00,A,LBIRTH_NR,CH,2019,86172,
ESTAT:TPS00204(1.0),11/07/22 11:00:00,A,LBIRTH_NR,CH,2020,85914,
ESTAT:TPS00204(1.0),11/07/22 11:00:00,A,LBIRTH_NR,CH,2021,89644,
ESTAT:TPS00204(1.0),11/07/22 11:00:00,A,LBIRTH_NR,CY,2010,9801,
ESTAT:TPS00204(1.0),11/07/22 11:00:00,A,LBIRTH_NR,CY,2011,9622,
ESTAT:TPS00204(1.0),11/07/22 11:00:00,A,LBIRTH_NR,CY,2012,10161,
ESTAT:TPS00204(1.0),11/07/22 11:00:00,A,LBIRTH_NR,CY,2013,9341,
ESTAT:TPS00204(1.0),11/07/22 11:00:00,A,LBIRTH_NR,CY,2014,9258,
ESTAT:TPS00204(1.0),11/07/22 11:00:00,A,LBIRTH_NR,CY,2015,9170,
ESTAT:TPS00204(1.0),11/07/22 11:00:00,A,LBIRTH_NR,CY,2016,9455,
ESTAT:TPS00204(1.0),11/07/22 11:00:00,A,LBIRTH_NR,CY,2017,9229,
ESTAT:TPS00204(1.0),11/07/22 11:00:00,A,LBIRTH_NR,CY,2018,9329,
ESTAT:TPS00204(1.0),11/07/22 11:00:00,A,LBIRTH_NR,CY,2019,9548,
ESTAT:TPS00204(1.0),11/07/22 11:00:00,A,LBIRTH_NR,CY,2020,9930,
ESTAT:TPS00204(1.0),11/07/22 11:00:00,A,LBIRTH_NR,CY,2021,10150,p
ESTAT:TPS00204(1.0),11/07/22 11:00:00,A,LBIRTH_NR,CZ,2010,117153,
ESTAT:TPS00204(1.0),11/07/22 11:00:00,A,LBIRTH_NR,CZ,2011,108673,
ESTAT:TPS00204(1.0),11/07/22 11:00:00,A,LBIRTH_NR,CZ,2012,108576,
ESTAT:TPS00204(1.0),11/07/22 11:00:00,A,LBIRTH_NR,CZ,2013,106751,
ESTAT:TPS00204(1.0),11/07/22 11:00:00,A,LBIRTH_NR,CZ,2014,109860,
ESTAT:TPS00204(1.0),11/07/22 11:00:00,A,LBIRTH_NR,CZ,2015,110764,
ESTAT:TPS00204(1.0),11/07/22 11:00:00,A,LBIRTH_NR,CZ,2016,112663,
ESTAT:TPS00204(1.0),11/07/22 11:00:00,A,LBIRTH_NR,CZ,2017,114405,
ESTAT:TPS00204(1.0),11/07/22 11:00:00,A,LBIRTH_NR,CZ,2018,114036,
ESTAT:TPS00204(1.0),11/07/22 11:00:00,A,LBIRTH_NR,CZ,2019,112231,
ESTAT:TPS00204(1.0),11/07/22 11:00:00,A,LBIRTH_NR,CZ,2020,110200,
ESTAT:TPS00204(1.0),11/07/22 11:00:00,A,LBIRTH_NR,CZ,2021,111793,
ESTAT:TPS00204(1.0),11/07/22 11:00:00,A,LBIRTH_NR,DE,2010,677947,
ESTAT:TPS00204(1.0),11/07/22 11:00:00,A,LBIRTH_NR,DE,2011,662685,
ESTAT:TPS00204(1.0),11/07/22 11:00:00,A,LBIRTH_NR,DE,2012,673544,
ESTAT:TPS00204(1.0),11/07/22 11:00:00,A,LBIRTH_NR,DE,2013,682069,
ESTAT:TPS00204(1.0),11/07/22 11:00:00,A,LBIRTH_NR,DE,2014,714927,
ESTAT:TPS00204(1.0),11/07/22 11:00:00,A,LBIRTH_NR,DE,2015,737575,
ESTAT:TPS00204(1.0),11/07/22 11:00:00,A,LBIRTH_NR,DE,2016,792141,
ESTAT:TPS00204(1.0),11/07/22 11:00:00,A,LBIRTH_NR,DE,2017,784901,
ESTAT:TPS00204(1.0),11/07/22 11:00:00,A,LBIRTH_NR,DE,2018,787523,
ESTAT:TPS00204(1.0),11/07/22 11:00:00,A,LBIRTH_NR,DE,2019,778090,
ESTAT:TPS00204(1.0),11/07/22 11:00:00,A,LBIRTH_NR,DE,2020,773144,
ESTAT:TPS00204(1.0),11/07/22 11:00:00,A,LBIRTH_NR,DE,2021,795492,
ESTAT:TPS00204(1.0),11/07/22 11:00:00,A,LBIRTH_NR,DK,2010,63411,
ESTAT:TPS00204(1.0),11/07/22 11:00:00,A,LBIRTH_NR,DK,2011,58998,
ESTAT:TPS00204(1.0),11/07/22 11:00:00,A,LBIRTH_NR,DK,2012,57916,
ESTAT:TPS00204(1.0),11/07/22 11:00:00,A,LBIRTH_NR,DK,2013,55873,
ESTAT:TPS00204(1.0),11/07/22 11:00:00,A,LBIRTH_NR,DK,2014,56870,
ESTAT:TPS00204(1.0),11/07/22 11:00:00,A,LBIRTH_NR,DK,2015,58205,
ESTAT:TPS00204(1.0),11/07/22 11:00:00,A,LBIRTH_NR,DK,2016,61614,
ESTAT:TPS00204(1.0),11/07/22 11:00:00,A,LBIRTH_NR,DK,2017,61397,
ESTAT:TPS00204(1.0),11/07/22 11:00:00,A,LBIRTH_NR,DK,2018,61476,
ESTAT:TPS00204(1.0),11/07/22 11:00:00,A,LBIRTH_NR,DK,2019,61167,
ESTAT:TPS00204(1.0),11/07/22 11:00:00,A,LBIRTH_NR,DK,2020,60937,
ESTAT:TPS00204(1.0),11/07/22 11:00:00,A,LBIRTH_NR,DK,2021,63473,
ESTAT:TPS00204(1.0),11/07/22 11:00:00,A,LBIRTH_NR,EA18,2010,3442269,
ESTAT:TPS00204(1.0),11/07/22 11:00:00,A,LBIRTH_NR,EA18,2011,3363927,
ESTAT:TPS00204(1.0),11/07/22 11:00:00,A,LBIRTH_NR,EA18,2012,3319006,
ESTAT:TPS00204(1.0),11/07/22 11:00:00,A,LBIRTH_NR,EA18,2013,3242995,
ESTAT:TPS00204(1.0),11/07/22 11:00:00,A,LBIRTH_NR,EA18,2014,3274901,
ESTAT:TPS00204(1.0),11/07/22 11:00:00,A,LBIRTH_NR,EA18,2015,3248717,
ESTAT:TPS00204(1.0),11/07/22 11:00:00,A,LBIRTH_NR,EA18,2016,3271312,
ESTAT:TPS00204(1.0),11/07/22 11:00:00,A,LBIRTH_NR,EA18,2017,3200917,
ESTAT:TPS00204(1.0),11/07/22 11:00:00,A,LBIRTH_NR,EA18,2018,3142686,
ESTAT:TPS00204(1.0),11/07/22 11:00:00,A,LBIRTH_NR,EA18,2019,3087895,
ESTAT:TPS00204(1.0),11/07/22 11:00:00,A,LBIRTH_NR,EA18,2020,3019777,
ESTAT:TPS00204(1.0),11/07/22 11:00:00,A,LBIRTH_NR,EA18,2021,3054027,p
ESTAT:TPS00204(1.0),11/07/22 11:00:00,A,LBIRTH_NR,EA19,2010,3472945,
ESTAT:TPS00204(1.0),11/07/22 11:00:00,A,LBIRTH_NR,EA19,2011,3394195,
ESTAT:TPS00204(1.0),11/07/22 11:00:00,A,LBIRTH_NR,EA19,2012,3349465,
ESTAT:TPS00204(1.0),11/07/22 11:00:00,A,LBIRTH_NR,EA19,2013,3272880,
ESTAT:TPS00204(1.0),11/07/22 11:00:00,A,LBIRTH_NR,EA19,2014,3305270,
ESTAT:TPS00204(1.0),11/07/22 11:00:00,A,LBIRTH_NR,EA19,2015,3280192,
ESTAT:TPS00204(1.0),11/07/22 11:00:00,A,LBIRTH_NR,EA19,2016,3301935,
ESTAT:TPS00204(1.0),11/07/22 11:00:00,A,LBIRTH_NR,EA19,2017,3229613,
ESTAT:TPS00204(1.0),11/07/22 11:00:00,A,LBIRTH_NR,EA19,2018,3170835,
ESTAT:TPS00204(1.0),11/07/22 11:00:00,A,LBIRTH_NR,EA19,2019,3115288,
ESTAT:TPS00204(1.0),11/07/22 11:00:00,A,LBIRTH_NR,EA19,2020,3044921,
ESTAT:TPS00204(1.0),11/07/22 11:00:00,A,LBIRTH_NR,EA19,2021,3077357,p
ESTAT:TPS00204(1.0),11/07/22 11:00:00,A,LBIRTH_NR,EE,2010,15825,
ESTAT:TPS00204(1.0),11/07/22 11:00:00,A,LBIRTH_NR,EE,2011,14679,
ESTAT:TPS00204(1.0),11/07/22 11:00:00,A,LBIRTH_NR,EE,2012,14056,
ESTAT:TPS00204(1.0),11/07/22 11:00:00,A,LBIRTH_NR,EE,2013,13531,
ESTAT:TPS00204(1.0),11/07/22 11:00:00,A,LBIRTH_NR,EE,2014,13551,
ESTAT:TPS00204(1.0),11/07/22 11:00:00,A,LBIRTH_NR,EE,2015,13907,
ESTAT:TPS00204(1.0),11/07/22 11:00:00,A,LBIRTH_NR,EE,2016,14053,
ESTAT:TPS00204(1.0),11/07/22 11:00:00,A,LBIRTH_NR,EE,2017,13784,
ESTAT:TPS00204(1.0),11/07/22 11:00:00,A,LBIRTH_NR,EE,2018,14367,
ESTAT:TPS00204(1.0),11/07/22 11:00:00,A,LBIRTH_NR,EE,2019,14099,
ESTAT:TPS00204(1.0),11/07/22 11:00:00,A,LBIRTH_NR,EE,2020,13209,
ESTAT:TPS00204(1.0),11/07/22 11:00:00,A,LBIRTH_NR,EE,2021,13272,
ESTAT:TPS00204(1.0),11/07/22 11:00:00,A,LBIRTH_NR,EL,2010,114766,
ESTAT:TPS00204(1.0),11/07/22 11:00:00,A,LBIRTH_NR,EL,2011,106428,
ESTAT:TPS00204(1.0),11/07/22 11:00:00,A,LBIRTH_NR,EL,2012,100371,
ESTAT:TPS00204(1.0),11/07/22 11:00:00,A,LBIRTH_NR,EL,2013,94134,
ESTAT:TPS00204(1.0),11/07/22 11:00:00,A,LBIRTH_NR,EL,2014,92149,
ESTAT:TPS00204(1.0),11/07/22 11:00:00,A,LBIRTH_NR,EL,2015,91847,
ESTAT:TPS00204(1.0),11/07/22 11:00:00,A,LBIRTH_NR,EL,2016,92898,
ESTAT:TPS00204(1.0),11/07/22 11:00:00,A,LBIRTH_NR,EL,2017,88553,
ESTAT:TPS00204(1.0),11/07/22 11:00:00,A,LBIRTH_NR,EL,2018,86440,
ESTAT:TPS00204(1.0),11/07/22 11:00:00,A,LBIRTH_NR,EL,2019,83763,
ESTAT:TPS00204(1.0),11/07/22 11:00:00,A,LBIRTH_NR,EL,2020,84764,
ESTAT:TPS00204(1.0),11/07/22 11:00:00,A,LBIRTH_NR,EL,2021,85303,p
ESTAT:TPS00204(1.0),11/07/22 11:00:00,A,LBIRTH_NR,ES,2010,485252,
ESTAT:TPS00204(1.0),11/07/22 11:00:00,A,LBIRTH_NR,ES,2011,470553,
ESTAT:TPS00204(1.0),11/07/22 11:00:00,A,LBIRTH_NR,ES,2012,453348,
ESTAT:TPS00204(1.0),11/07/22 11:00:00,A,LBIRTH_NR,ES,2013,424440,
ESTAT:TPS00204(1.0),11/07/22 11:00:00,A,LBIRTH_NR,ES,2014,426076,
ESTAT:TPS00204(1.0),11/07/22 11:00:00,A,LBIRTH_NR,ES,2015,418432,
ESTAT:TPS00204(1.0),11/07/22 11:00:00,A,LBIRTH_NR,ES,2016,408734,
ESTAT:TPS00204(1.0),11/07/22 11:00:00,A,LBIRTH_NR,ES,2017,391265,
ESTAT:TPS00204(1.0),11/07/22 11:00:00,A,LBIRTH_NR,ES,2018,370827,
ESTAT:TPS00204(1.0),11/07/22 11:00:00,A,LBIRTH_NR,ES,2019,358747,
ESTAT:TPS00204(1.0),11/07/22 11:00:00,A,LBIRTH_NR,ES,2020,340635,
ESTAT:TPS00204(1.0),11/07/22 11:00:00,A,LBIRTH_NR,ES,2021,336247,p
ESTAT:TPS00204(1.0),11/07/22 11:00:00,A,LBIRTH_NR,EU27_2020,2010,4603858,
ESTAT:TPS00204(1.0),11/07/22 11:00:00,A,LBIRTH_NR,EU27_2020,2011,4458386,
ESTAT:TPS00204(1.0),11/07/22 11:00:00,A,LBIRTH_NR,EU27_2020,2012,4417656,
ESTAT:TPS00204(1.0),11/07/22 11:00:00,A,LBIRTH_NR,EU27_2020,2013,4303313,
ESTAT:TPS00204(1.0),11/07/22 11:00:00,A,LBIRTH_NR,EU27_2020,2014,4361239,
ESTAT:TPS00204(1.0),11/07/22 11:00:00,A,LBIRTH_NR,EU27_2020,2015,4330922,
ESTAT:TPS00204(1.0),11/07/22 11:00:00,A,LBIRTH_NR,EU27_2020,2016,4379549,
ESTAT:TPS00204(1.0),11/07/22 11:00:00,A,LBIRTH_NR,EU27_2020,2017,4328560,
ESTAT:TPS00204(1.0),11/07/22 11:00:00,A,LBIRTH_NR,EU27_2020,2018,4253256,
ESTAT:TPS00204(1.0),11/07/22 11:00:00,A,LBIRTH_NR,EU27_2020,2019,4168656,
ESTAT:TPS00204(1.0),11/07/22 11:00:00,A,LBIRTH_NR,EU27_2020,2020,4071484,
ESTAT:TPS00204(1.0),11/07/22 11:00:00,A,LBIRTH_NR,EU27_2020,2021,4066082,p
ESTAT:TPS00204(1.0),11/07/22 11:00:00,A,LBIRTH_NR,EU28,2010,5411129,
ESTAT:TPS00204(1.0),11/07/22 11:00:00,A,LBIRTH_NR,EU28,2011,5266162,
ESTAT:TPS00204(1.0),11/07/22 11:00:00,A,LBIRTH_NR,EU28,2012,5230626,
ESTAT:TPS00204(1.0),11/07/22 11:00:00,A,LBIRTH_NR,EU28,2013,5081671,
ESTAT:TPS00204(1.0),11/07/22 11:00:00,A,LBIRTH_NR,EU28,2014,5137147,
ESTAT:TPS00204(1.0),11/07/22 11:00:00,A,LBIRTH_NR,EU28,2015,5107668,
ESTAT:TPS00204(1.0),11/07/22 11:00:00,A,LBIRTH_NR,EU28,2016,5153935,
ESTAT:TPS00204(1.0),11/07/22 11:00:00,A,LBIRTH_NR,EU28,2017,5083314,
ESTAT:TPS00204(1.0),11/07/22 11:00:00,A,LBIRTH_NR,EU28,2018,4984174,
ESTAT:TPS00204(1.0),11/07/22 11:00:00,A,LBIRTH_NR,EU28,2019,4881355,p
ESTAT:TPS00204(1.0),11/07/22 11:00:00,A,LBIRTH_NR,FI,2010,60980,
ESTAT:TPS00204(1.0),11/07/22 11:00:00,A,LBIRTH_NR,FI,2011,59961,
ESTAT:TPS00204(1.0),11/07/22 11:00:00,A,LBIRTH_NR,FI,2012,59493,
ESTAT:TPS00204(1.0),11/07/22 11:00:00,A,LBIRTH_NR,FI,2013,58134,
ESTAT:TPS00204(1.0),11/07/22 11:00:00,A,LBIRTH_NR,FI,2014,57232,
ESTAT:TPS00204(1.0),11/07/22 11:00:00,A,LBIRTH_NR,FI,2015,55472,
ESTAT:TPS00204(1.0),11/07/22 11:00:00,A,LBIRTH_NR,FI,2016,52814,
ESTAT:TPS00204(1.0),11/07/22 11:00:00,A,LBIRTH_NR,FI,2017,50321,
ESTAT:TPS00204(1.0),11/07/22 11:00:00,A,LBIRTH_NR,FI,2018,47577,
ESTAT:TPS00204(1.0),11/07/22 11:00:00,A,LBIRTH_NR,FI,2019,45613,
ESTAT:TPS00204(1.0),11/07/22 11:00:00,A,LBIRTH_NR,FI,2020,46463,
ESTAT:TPS00204(1.0),11/07/22 11:00:00,A,LBIRTH_NR,FI,2021,49594,
ESTAT:TPS00204(1.0),11/07/22 11:00:00,A,LBIRTH_NR,FR,2010,833654,
ESTAT:TPS00204(1.0),11/07/22 11:00:00,A,LBIRTH_NR,FR,2011,824263,
ESTAT:TPS00204(1.0),11/07/22 11:00:00,A,LBIRTH_NR,FR,2012,821844,
ESTAT:TPS00204(1.0),11/07/22 11:00:00,A,LBIRTH_NR,FR,2013,812343,
ESTAT:TPS00204(1.0),11/07/22 11:00:00,A,LBIRTH_NR,FR,2014,819328,
ESTAT:TPS00204(1.0),11/07/22 11:00:00,A,LBIRTH_NR,FR,2015,799671,
ESTAT:TPS00204(1.0),11/07/22 11:00:00,A,LBIRTH_NR,FR,2016,784325,
ESTAT:TPS00204(1.0),11/07/22 11:00:00,A,LBIRTH_NR,FR,2017,770045,
ESTAT:TPS00204(1.0),11/07/22 11:00:00,A,LBIRTH_NR,FR,2018,759199,
ESTAT:TPS00204(1.0),11/07/22 11:00:00,A,LBIRTH_NR,FR,2019,754008,
ESTAT:TPS00204(1.0),11/07/22 11:00:00,A,LBIRTH_NR,FR,2020,735775,
ESTAT:TPS00204(1.0),11/07/22 11:00:00,A,LBIRTH_NR,FR,2021,738594,p
ESTAT:TPS00204(1.0),11/07/22 11:00:00,A,LBIRTH_NR,FX,2010,802224,
ESTAT:TPS00204(1.0),11/07/22 11:00:00,A,LBIRTH_NR,FX,2011,792996,
ESTAT:TPS00204(1.0),11/07/22 11:00:00,A,LBIRTH_NR,FX,2012,790290,
ESTAT:TPS00204(1.0),11/07/22 11:00:00,A,LBIRTH_NR,FX,2013,780000,e
ESTAT:TPS00204(1.0),11/07/22 11:00:00,A,LBIRTH_NR,GE,2010,62585,
ESTAT:TPS00204(1.0),11/07/22 11:00:00,A,LBIRTH_NR,GE,2011,58014,
ESTAT:TPS00204(1.0),11/07/22 11:00:00,A,LBIRTH_NR,GE,2013,57878,
ESTAT:TPS00204(1.0),11/07/22 11:00:00,A,LBIRTH_NR,GE,2014,60635,
ESTAT:TPS00204(1.0),11/07/22 11:00:00,A,LBIRTH_NR,GE,2015,59249,
ESTAT:TPS00204(1.0),11/07/22 11:00:00,A,LBIRTH_NR,GE,2016,56569,
ESTAT:TPS00204(1.0),11/07/22 11:00:00,A,LBIRTH_NR,GE,2017,53293,
ESTAT:TPS00204(1.0),11/07/22 11:00:00,A,LBIRTH_NR,GE,2018,51138,
ESTAT:TPS00204(1.0),11/07/22 11:00:00,A,LBIRTH_NR,GE,2019,48296,
ESTAT:TPS00204(1.0),11/07/22 11:00:00,A,LBIRTH_NR,GE,2020,46520,
ESTAT:TPS00204(1.0),11/07/22 11:00:00,A,LBIRTH_NR,GE,2021,45946,
ESTAT:TPS00204(1.0),11/07/22 11:00:00,A,LBIRTH_NR,HR,2010,43361,
ESTAT:TPS00204(1.0),11/07/22 11:00:00,A,LBIRTH_NR,HR,2011,41197,
ESTAT:TPS00204(1.0),11/07/22 11:00:00,A,LBIRTH_NR,HR,2012,41771,
ESTAT:TPS00204(1.0),11/07/22 11:00:00,A,LBIRTH_NR,HR,2013,39939,
ESTAT:TPS00204(1.0),11/07/22 11:00:00,A,LBIRTH_NR,HR,2014,39566,
ESTAT:TPS00204(1.0),11/07/22 11:00:00,A,LBIRTH_NR,HR,2015,37503,
ESTAT:TPS00204(1.0),11/07/22 11:00:00,A,LBIRTH_NR,HR,2016,37537,
ESTAT:TPS00204(1.0),11/07/22 11:00:00,A,LBIRTH_NR,HR,2017,36556,
ESTAT:TPS00204(1.0),11/07/22 11:00:00,A,LBIRTH_NR,HR,2018,36945,
ESTAT:TPS00204(1.0),11/07/22 11:00:00,A,LBIRTH_NR,HR,2019,36135,
ESTAT:TPS00204(1.0),11/07/22 11:00:00,A,LBIRTH_NR,HR,2020,35845,
ESTAT:TPS00204(1.0),11/07/22 11:00:00,A,LBIRTH_NR,HR,2021,36508,
ESTAT:TPS00204(1.0),11/07/22 11:00:00,A,LBIRTH_NR,HU,2010,90335,
ESTAT:TPS00204(1.0),11/07/22 11:00:00,A,LBIRTH_NR,HU,2011,88049,
ESTAT:TPS00204(1.0),11/07/22 11:00:00,A,LBIRTH_NR,HU,2012,90269,
ESTAT:TPS00204(1.0),11/07/22 11:00:00,A,LBIRTH_NR,HU,2013,89524,
ESTAT:TPS00204(1.0),11/07/22 11:00:00,A,LBIRTH_NR,HU,2014,93281,
ESTAT:TPS00204(1.0),11/07/22 11:00:00,A,LBIRTH_NR,HU,2015,92135,
ESTAT:TPS00204(1.0),11/07/22 11:00:00,A,LBIRTH_NR,HU,2016,95361,
ESTAT:TPS00204(1.0),11/07/22 11:00:00,A,LBIRTH_NR,HU,2017,94646,
ESTAT:TPS00204(1.0),11/07/22 11:00:00,A,LBIRTH_NR,HU,2018,93467,
ESTAT:TPS00204(1.0),11/07/22 11:00:00,A,LBIRTH_NR,HU,2019,93100,
ESTAT:TPS00204(1.0),11/07/22 11:00:00,A,LBIRTH_NR,HU,2020,93807,
ESTAT:TPS00204(1.0),11/07/22 11:00:00,A,LBIRTH_NR,HU,2021,94003,
ESTAT:TPS00204(1.0),11/07/22 11:00:00,A,LBIRTH_NR,IE,2010,75174,
ESTAT:TPS00204(1.0),11/07/22 11:00:00,A,LBIRTH_NR,IE,2011,74033,
ESTAT:TPS00204(1.0),11/07/22 11:00:00,A,LBIRTH_NR,IE,2012,71674,
ESTAT:TPS00204(1.0),11/07/22 11:00:00,A,LBIRTH_NR,IE,2013,68954,
ESTAT:TPS00204(1.0),11/07/22 11:00:00,A,LBIRTH_NR,IE,2014,67295,
ESTAT:TPS00204(1.0),11/07/22 11:00:00,A,LBIRTH_NR,IE,2015,65536,
ESTAT:TPS00204(1.0),11/07/22 11:00:00,A,LBIRTH_NR,IE,2016,63841,
ESTAT:TPS00204(1.0),11/07/22 11:00:00,A,LBIRTH_NR,IE,2017,61824,
ESTAT:TPS00204(1.0),11/07/22 11:00:00,A,LBIRTH_NR,IE,2018,61022,
ESTAT:TPS00204(1.0),11/07/22 11:00:00,A,LBIRTH_NR,IE,2019,59289,
ESTAT:TPS00204(1.0),11/07/22 11:00:00,A,LBIRTH_NR,IE,2020,55959,
ESTAT:TPS00204(1.0),11/07/22 11:00:00,A,LBIRTH_NR,IE,2021,58440,
ESTAT:TPS00204(1.0),11/07/22 11:00:00,A,LBIRTH_NR,IS,2010,4907,
ESTAT:TPS00204(1.0),11/07/22 11:00:00,A,LBIRTH_NR,IS,2011,4492,
ESTAT:TPS00204(1.0),11/07/22 11:00:00,A,LBIRTH_NR,IS,2012,4533,
ESTAT:TPS00204(1.0),11/07/22 11:00:00,A,LBIRTH_NR,IS,2013,4326,
ESTAT:TPS00204(1.0),11/07/22 11:00:00,A,LBIRTH_NR,IS,2014,4375,
ESTAT:TPS00204(1.0),11/07/22 11:00:00,A,LBIRTH_NR,IS,2015,4129,
ESTAT:TPS00204(1.0),11/07/22 11:00:00,A,LBIRTH_NR,IS,2016,4034,
ESTAT:TPS00204(1.0),11/07/22 11:00:00,A,LBIRTH_NR,IS,2017,4071,
ESTAT:TPS00204(1.0),11/07/22 11:00:00,A,LBIRTH_NR,IS,2018,4228,
ESTAT:TPS00204(1.0),11/07/22 11:00:00,A,LBIRTH_NR,IS,2019,4452,
ESTAT:TPS00204(1.0),11/07/22 11:00:00,A,LBIRTH_NR,IS,2020,4512,
ESTAT:TPS00204(1.0),11/07/22 11:00:00,A,LBIRTH_NR,IS,2021,4879,
ESTAT:TPS00204(1.0),11/07/22 11:00:00,A,LBIRTH_NR,IT,2010,561944,
ESTAT:TPS00204(1.0),11/07/22 11:00:00,A,LBIRTH_NR,IT,2011,546585,
ESTAT:TPS00204(1.0),11/07/22 11:00:00,A,LBIRTH_NR,IT,2012,534186,
ESTAT:TPS00204(1.0),11/07/22 11:00:00,A,LBIRTH_NR,IT,2013,514308,
ESTAT:TPS00204(1.0),11/07/22 11:00:00,A,LBIRTH_NR,IT,2014,502596,
ESTAT:TPS00204(1.0),11/07/22 11:00:00,A,LBIRTH_NR,IT,2015,485780,
ESTAT:TPS00204(1.0),11/07/22 11:00:00,A,LBIRTH_NR,IT,2016,473438,
ESTAT:TPS00204(1.0),11/07/22 11:00:00,A,LBIRTH_NR,IT,2017,458151,
ESTAT:TPS00204(1.0),11/07/22 11:00:00,A,LBIRTH_NR,IT,2018,439747,
ESTAT:TPS00204(1.0),11/07/22 11:00:00,A,LBIRTH_NR,IT,2019,420084,
ESTAT:TPS00204(1.0),11/07/22 11:00:00,A,LBIRTH_NR,IT,2020,404892,
ESTAT:TPS00204(1.0),11/07/22 11:00:00,A,LBIRTH_NR,IT,2021,399431,p
ESTAT:TPS00204(1.0),11/07/22 11:00:00,A,LBIRTH_NR,LI,2010,329,
ESTAT:TPS00204(1.0),11/07/22 11:00:00,A,LBIRTH_NR,LI,2011,395,
ESTAT:TPS00204(1.0),11/07/22 11:00:00,A,LBIRTH_NR,LI,2012,357,
ESTAT:TPS00204(1.0),11/07/22 11:00:00,A,LBIRTH_NR,LI,2013,339,
ESTAT:TPS00204(1.0),11/07/22 11:00:00,A,LBIRTH_NR,LI,2014,372,
ESTAT:TPS00204(1.0),11/07/22 11:00:00,A,LBIRTH_NR,LI,2015,325,
ESTAT:TPS00204(1.0),11/07/22 11:00:00,A,LBIRTH_NR,LI,2016,378,
ESTAT:TPS00204(1.0),11/07/22 11:00:00,A,LBIRTH_NR,LI,2017,338,
ESTAT:TPS00204(1.0),11/07/22 11:00:00,A,LBIRTH_NR,LI,2018,378,
ESTAT:TPS00204(1.0),11/07/22 11:00:00,A,LBIRTH_NR,LI,2019,356,
ESTAT:TPS00204(1.0),11/07/22 11:00:00,A,LBIRTH_NR,LI,2020,353,
ESTAT:TPS00204(1.0),11/07/22 11:00:00,A,LBIRTH_NR,LI,2021,375,p
ESTAT:TPS00204(1.0),11/07/22 11:00:00,A,LBIRTH_NR,LT,2010,30676,
ESTAT:TPS00204(1.0),11/07/22 11:00:00,A,LBIRTH_NR,LT,2011,30268,
ESTAT:TPS00204(1.0),11/07/22 11:00:00,A,LBIRTH_NR,LT,2012,30459,
ESTAT:TPS00204(1.0),11/07/22 11:00:00,A,LBIRTH_NR,LT,2013,29885,
ESTAT:TPS00204(1.0),11/07/22 11:00:00,A,LBIRTH_NR,LT,2014,30369,
ESTAT:TPS00204(1.0),11/07/22 11:00:00,A,LBIRTH_NR,LT,2015,31475,
ESTAT:TPS00204(1.0),11/07/22 11:00:00,A,LBIRTH_NR,LT,2016,30623,
ESTAT:TPS00204(1.0),11/07/22 11:00:00,A,LBIRTH_NR,LT,2017,28696,
ESTAT:TPS00204(1.0),11/07/22 11:00:00,A,LBIRTH_NR,LT,2018,28149,
ESTAT:TPS00204(1.0),11/07/22 11:00:00,A,LBIRTH_NR,LT,2019,27393,
ESTAT:TPS00204(1.0),11/07/22 11:00:00,A,LBIRTH_NR,LT,2020,25144,
ESTAT:TPS00204(1.0),11/07/22 11:00:00,A,LBIRTH_NR,LT,2021,23330,
ESTAT:TPS00204(1.0),11/07/22 11:00:00,A,LBIRTH_NR,LU,2010,5874,
ESTAT:TPS00204(1.0),11/07/22 11:00:00,A,LBIRTH_NR,LU,2011,5639,
ESTAT:TPS00204(1.0),11/07/22 11:00:00,A,LBIRTH_NR,LU,2012,6026,
ESTAT:TPS00204(1.0),11/07/22 11:00:00,A,LBIRTH_NR,LU,2013,6115,
ESTAT:TPS00204(1.0),11/07/22 11:00:00,A,LBIRTH_NR,LU,2014,6070,
ESTAT:TPS00204(1.0),11/07/22 11:00:00,A,LBIRTH_NR,LU,2015,6115,
ESTAT:TPS00204(1.0),11/07/22 11:00:00,A,LBIRTH_NR,LU,2016,6050,
ESTAT:TPS00204(1.0),11/07/22 11:00:00,A,LBIRTH_NR,LU,2017,6174,
ESTAT:TPS00204(1.0),11/07/22 11:00:00,A,LBIRTH_NR,LU,2018,6274,
ESTAT:TPS00204(1.0),11/07/22 11:00:00,A,LBIRTH_NR,LU,2019,6230,
ESTAT:TPS00204(1.0),11/07/22 11:00:00,A,LBIRTH_NR,LU,2020,6459,
ESTAT:TPS00204(1.0),11/07/22 11:00:00,A,LBIRTH_NR,LU,2021,6690,
ESTAT:TPS00204(1.0),11/07/22 11:00:00,A,LBIRTH_NR,LV,2010,19781,
ESTAT:TPS00204(1.0),11/07/22 11:00:00,A,LBIRTH_NR,LV,2011,18825,
ESTAT:TPS00204(1.0),11/07/22 11:00:00,A,LBIRTH_NR,LV,2012,19897,
ESTAT:TPS00204(1.0),11/07/22 11:00:00,A,LBIRTH_NR,LV,2013,20596,
ESTAT:TPS00204(1.0),11/07/22 11:00:00,A,LBIRTH_NR,LV,2014,21746,
ESTAT:TPS00204(1.0),11/07/22 11:00:00,A,LBIRTH_NR,LV,2015,21979,
ESTAT:TPS00204(1.0),11/07/22 11:00:00,A,LBIRTH_NR,LV,2016,21968,
ESTAT:TPS00204(1.0),11/07/22 11:00:00,A,LBIRTH_NR,LV,2017,20828,
ESTAT:TPS00204(1.0),11/07/22 11:00:00,A,LBIRTH_NR,LV,2018,19314,
ESTAT:TPS00204(1.0),11/07/22 11:00:00,A,LBIRTH_NR,LV,2019,18786,
ESTAT:TPS00204(1.0),11/07/22 11:00:00,A,LBIRTH_NR,LV,2020,17552,
ESTAT:TPS00204(1.0),11/07/22 11:00:00,A,LBIRTH_NR,LV,2021,17420,
ESTAT:TPS00204(1.0),11/07/22 11:00:00,A,LBIRTH_NR,MC,2015,308,e
ESTAT:TPS00204(1.0),11/07/22 11:00:00,A,LBIRTH_NR,MC,2016,295,e
ESTAT:TPS00204(1.0),11/07/22 11:00:00,A,LBIRTH_NR,MC,2018,227,e
ESTAT:TPS00204(1.0),11/07/22 11:00:00,A,LBIRTH_NR,MD,2010,40474,
ESTAT:TPS00204(1.0),11/07/22 11:00:00,A,LBIRTH_NR,MD,2011,39182,
ESTAT:TPS00204(1.0),11/07/22 11:00:00,A,LBIRTH_NR,MD,2012,39435,
ESTAT:TPS00204(1.0),11/07/22 11:00:00,A,LBIRTH_NR,MD,2013,37871,
ESTAT:TPS00204(1.0),11/07/22 11:00:00,A,LBIRTH_NR,MD,2014,40909,be
ESTAT:TPS00204(1.0),11/07/22 11:00:00,A,LBIRTH_NR,MD,2015,40855,e
ESTAT:TPS00204(1.0),11/07/22 11:00:00,A,LBIRTH_NR,MD,2016,39961,e
ESTAT:TPS00204(1.0),11/07/22 11:00:00,A,LBIRTH_NR,MD,2017,36640,ep
ESTAT:TPS00204(1.0),11/07/22 11:00:00,A,LBIRTH_NR,MD,2018,34764,e
ESTAT:TPS00204(1.0),11/07/22 11:00:00,A,LBIRTH_NR,MD,2019,32022,e
ESTAT:TPS00204(1.0),11/07/22 11:00:00,A,LBIRTH_NR,MD,2020,30730,
ESTAT:TPS00204(1.0),11/07/22 11:00:00,A,LBIRTH_NR,ME,2010,7418,
ESTAT:TPS00204(1.0),11/07/22 11:00:00,A,LBIRTH_NR,ME,2011,7215,
ESTAT:TPS00204(1.0),11/07/22 11:00:00,A,LBIRTH_NR,ME,2012,7459,
ESTAT:TPS00204(1.0),11/07/22 11:00:00,A,LBIRTH_NR,ME,2013,7475,
ESTAT:TPS00204(1.0),11/07/22 11:00:00,A,LBIRTH_NR,ME,2014,7529,
ESTAT:TPS00204(1.0),11/07/22 11:00:00,A,LBIRTH_NR,ME,2015,7386,
ESTAT:TPS00204(1.0),11/07/22 11:00:00,A,LBIRTH_NR,ME,2016,7569,
ESTAT:TPS00204(1.0),11/07/22 11:00:00,A,LBIRTH_NR,ME,2017,7432,
ESTAT:TPS00204(1.0),11/07/22 11:00:00,A,LBIRTH_NR,ME,2018,7264,
ESTAT:TPS00204(1.0),11/07/22 11:00:00,A,LBIRTH_NR,ME,2019,7223,
ESTAT:TPS00204(1.0),11/07/22 11:00:00,A,LBIRTH_NR,ME,2020,7097,
ESTAT:TPS00204(1.0),11/07/22 11:00:00,A,LBIRTH_NR,ME,2021,7033,
ESTAT:TPS00204(1.0),11/07/22 11:00:00,A,LBIRTH_NR,MK,2010,24296,
ESTAT:TPS00204(1.0),11/07/22 11:00:00,A,LBIRTH_NR,MK,2011,22770,
ESTAT:TPS00204(1.0),11/07/22 11:00:00,A,LBIRTH_NR,MK,2012,23568,
ESTAT:TPS00204(1.0),11/07/22 11:00:00,A,LBIRTH_NR,MK,2013,23138,e
ESTAT:TPS00204(1.0),11/07/22 11:00:00,A,LBIRTH_NR,MK,2014,23596,e
ESTAT:TPS00204(1.0),11/07/22 11:00:00,A,LBIRTH_NR,MK,2015,23075,e
ESTAT:TPS00204(1.0),11/07/22 11:00:00,A,LBIRTH_NR,MK,2016,23002,e
ESTAT:TPS00204(1.0),11/07/22 11:00:00,A,LBIRTH_NR,MK,2017,21754,e
ESTAT:TPS00204(1.0),11/07/22 11:00:00,A,LBIRTH_NR,MK,2018,21333,
ESTAT:TPS00204(1.0),11/07/22 11:00:00,A,LBIRTH_NR,MK,2019,19845,
ESTAT:TPS00204(1.0),11/07/22 11:00:00,A,LBIRTH_NR,MK,2020,19031,
ESTAT:TPS00204(1.0),11/07/22 11:00:00,A,LBIRTH_NR,MK,2021,18648,
ESTAT:TPS00204(1.0),11/07/22 11:00:00,A,LBIRTH_NR,MT,2010,3898,
ESTAT:TPS00204(1.0),11/07/22 11:00:00,A,LBIRTH_NR,MT,2011,4165,
ESTAT:TPS00204(1.0),11/07/22 11:00:00,A,LBIRTH_NR,MT,2012,4130,
ESTAT:TPS00204(1.0),11/07/22 11:00:00,A,LBIRTH_NR,MT,2013,4032,
ESTAT:TPS00204(1.0),11/07/22 11:00:00,A,LBIRTH_NR,MT,2014,4191,
ESTAT:TPS00204(1.0),11/07/22 11:00:00,A,LBIRTH_NR,MT,2015,4325,
ESTAT:TPS00204(1.0),11/07/22 11:00:00,A,LBIRTH_NR,MT,2016,4476,
ESTAT:TPS00204(1.0),11/07/22 11:00:00,A,LBIRTH_NR,MT,2017,4319,
ESTAT:TPS00204(1.0),11/07/22 11:00:00,A,LBIRTH_NR,MT,2018,4444,
ESTAT:TPS00204(1.0),11/07/22 11:00:00,A,LBIRTH_NR,MT,2019,4350,
ESTAT:TPS00204(1.0),11/07/22 11:00:00,A,LBIRTH_NR,MT,2020,4414,
ESTAT:TPS00204(1.0),11/07/22 11:00:00,A,LBIRTH_NR,MT,2021,4395,
ESTAT:TPS00204(1.0),11/07/22 11:00:00,A,LBIRTH_NR,NL,2010,184397,
ESTAT:TPS00204(1.0),11/07/22 11:00:00,A,LBIRTH_NR,NL,2011,180060,
ESTAT:TPS00204(1.0),11/07/22 11:00:00,A,LBIRTH_NR,NL,2012,175959,
ESTAT:TPS00204(1.0),11/07/22 11:00:00,A,LBIRTH_NR,NL,2013,171341,
ESTAT:TPS00204(1.0),11/07/22 11:00:00,A,LBIRTH_NR,NL,2014,175181,
ESTAT:TPS00204(1.0),11/07/22 11:00:00,A,LBIRTH_NR,NL,2015,170510,
ESTAT:TPS00204(1.0),11/07/22 11:00:00,A,LBIRTH_NR,NL,2016,172520,
ESTAT:TPS00204(1.0),11/07/22 11:00:00,A,LBIRTH_NR,NL,2017,169836,
ESTAT:TPS00204(1.0),11/07/22 11:00:00,A,LBIRTH_NR,NL,2018,168525,
ESTAT:TPS00204(1.0),11/07/22 11:00:00,A,LBIRTH_NR,NL,2019,169680,
ESTAT:TPS00204(1.0),11/07/22 11:00:00,A,LBIRTH_NR,NL,2020,168681,
ESTAT:TPS00204(1.0),11/07/22 11:00:00,A,LBIRTH_NR,NL,2021,179441,
ESTAT:TPS00204(1.0),11/07/22 11:00:00,A,LBIRTH_NR,NO,2010,61442,
ESTAT:TPS00204(1.0),11/07/22 11:00:00,A,LBIRTH_NR,NO,2011,60220,
ESTAT:TPS00204(1.0),11/07/22 11:00:00,A,LBIRTH_NR,NO,2012,60255,
ESTAT:TPS00204(1.0),11/07/22 11:00:00,A,LBIRTH_NR,NO,2013,58878,
ESTAT:TPS00204(1.0),11/07/22 11:00:00,A,LBIRTH_NR,NO,2014,58976,
ESTAT:TPS00204(1.0),11/07/22 11:00:00,A,LBIRTH_NR,NO,2015,58815,
ESTAT:TPS00204(1.0),11/07/22 11:00:00,A,LBIRTH_NR,NO,2016,58890,
ESTAT:TPS00204(1.0),11/07/22 11:00:00,A,LBIRTH_NR,NO,2017,56633,
ESTAT:TPS00204(1.0),11/07/22 11:00:00,A,LBIRTH_NR,NO,2018,55120,
ESTAT:TPS00204(1.0),11/07/22 11:00:00,A,LBIRTH_NR,NO,2019,54495,
ESTAT:TPS00204(1.0),11/07/22 11:00:00,A,LBIRTH_NR,NO,2020,52979,
ESTAT:TPS00204(1.0),11/07/22 11:00:00,A,LBIRTH_NR,NO,2021,56060,
ESTAT:TPS00204(1.0),11/07/22 11:00:00,A,LBIRTH_NR,PL,2010,413300,
ESTAT:TPS00204(1.0),11/07/22 11:00:00,A,LBIRTH_NR,PL,2011,388416,
ESTAT:TPS00204(1.0),11/07/22 11:00:00,A,LBIRTH_NR,PL,2012,386257,
ESTAT:TPS00204(1.0),11/07/22 11:00:00,A,LBIRTH_NR,PL,2013,369576,
ESTAT:TPS00204(1.0),11/07/22 11:00:00,A,LBIRTH_NR,PL,2014,375160,
ESTAT:TPS00204(1.0),11/07/22 11:00:00,A,LBIRTH_NR,PL,2015,369308,
ESTAT:TPS00204(1.0),11/07/22 11:00:00,A,LBIRTH_NR,PL,2016,382257,
ESTAT:TPS00204(1.0),11/07/22 11:00:00,A,LBIRTH_NR,PL,2017,401982,
ESTAT:TPS00204(1.0),11/07/22 11:00:00,A,LBIRTH_NR,PL,2018,388178,
ESTAT:TPS00204(1.0),11/07/22 11:00:00,A,LBIRTH_NR,PL,2019,374954,
ESTAT:TPS00204(1.0),11/07/22 11:00:00,A,LBIRTH_NR,PL,2020,355309,
ESTAT:TPS00204(1.0),11/07/22 11:00:00,A,LBIRTH_NR,PL,2021,331511,
ESTAT:TPS00204(1.0),11/07/22 11:00:00,A,LBIRTH_NR,PT,2010,101381,
ESTAT:TPS00204(1.0),11/07/22 11:00:00,A,LBIRTH_NR,PT,2011,96855,
ESTAT:TPS00204(1.0),11/07/22 11:00:00,A,LBIRTH_NR,PT,2012,89841,
ESTAT:TPS00204(1.0),11/07/22 11:00:00,A,LBIRTH_NR,PT,2013,82787,
ESTAT:TPS00204(1.0),11/07/22 11:00:00,A,LBIRTH_NR,PT,2014,82367,
ESTAT:TPS00204(1.0),11/07/22 11:00:00,A,LBIRTH_NR,PT,2015,85500,
ESTAT:TPS00204(1.0),11/07/22 11:00:00,A,LBIRTH_NR,PT,2016,87126,
ESTAT:TPS00204(1.0),11/07/22 11:00:00,A,LBIRTH_NR,PT,2017,86154,
ESTAT:TPS00204(1.0),11/07/22 11:00:00,A,LBIRTH_NR,PT,2018,87020,
ESTAT:TPS00204(1.0),11/07/22 11:00:00,A,LBIRTH_NR,PT,2019,86579,
ESTAT:TPS00204(1.0),11/07/22 11:00:00,A,LBIRTH_NR,PT,2020,84530,
ESTAT:TPS00204(1.0),11/07/22 11:00:00,A,LBIRTH_NR,PT,2021,79582,
ESTAT:TPS00204(1.0),11/07/22 11:00:00,A,LBIRTH_NR,RO,2010,212199,
ESTAT:TPS00204(1.0),11/07/22 11:00:00,A,LBIRTH_NR,RO,2011,196242,
ESTAT:TPS00204(1.0),11/07/22 11:00:00,A,LBIRTH_NR,RO,2012,201104,
ESTAT:TPS00204(1.0),11/07/22 11:00:00,A,LBIRTH_NR,RO,2013,188599,
ESTAT:TPS00204(1.0),11/07/22 11:00:00,A,LBIRTH_NR,RO,2014,198740,
ESTAT:TPS00204(1.0),11/07/22 11:00:00,A,LBIRTH_NR,RO,2015,201995,
ESTAT:TPS00204(1.0),11/07/22 11:00:00,A,LBIRTH_NR,RO,2016,205773,
ESTAT:TPS00204(1.0),11/07/22 11:00:00,A,LBIRTH_NR,RO,2017,210590,
ESTAT:TPS00204(1.0),11/07/22 11:00:00,A,LBIRTH_NR,RO,2018,210290,
ESTAT:TPS00204(1.0),11/07/22 11:00:00,A,LBIRTH_NR,RO,2019,199720,
ESTAT:TPS00204(1.0),11/07/22 11:00:00,A,LBIRTH_NR,RO,2020,198302,
ESTAT:TPS00204(1.0),11/07/22 11:00:00,A,LBIRTH_NR,RO,2021,178496,p
ESTAT:TPS00204(1.0),11/07/22 11:00:00,A,LBIRTH_NR,RS,2010,68304,
ESTAT:TPS00204(1.0),11/07/22 11:00:00,A,LBIRTH_NR,RS,2011,65598,
ESTAT:TPS00204(1.0),11/07/22 11:00:00,A,LBIRTH_NR,RS,2012,67257,
ESTAT:TPS00204(1.0),11/07/22 11:00:00,A,LBIRTH_NR,RS,2013,65554,
ESTAT:TPS00204(1.0),11/07/22 11:00:00,A,LBIRTH_NR,RS,2014,66461,
ESTAT:TPS00204(1.0),11/07/22 11:00:00,A,LBIRTH_NR,RS,2015,65657,
ESTAT:TPS00204(1.0),11/07/22 11:00:00,A,LBIRTH_NR,RS,2016,64734,
ESTAT:TPS00204(1.0),11/07/22 11:00:00,A,LBIRTH_NR,RS,2017,64894,
ESTAT:TPS00204(1.0),11/07/22 11:00:00,A,LBIRTH_NR,RS,2018,63975,
ESTAT:TPS00204(1.0),11/07/22 11:00:00,A,LBIRTH_NR,RS,2019,64399,
ESTAT:TPS00204(1.0),11/07/22 11:00:00,A,LBIRTH_NR,RS,2020,61692,
ESTAT:TPS00204(1.0),11/07/22 11:00:00,A,LBIRTH_NR,RS,2021,62180,
ESTAT:TPS00204(1.0),11/07/22 11:00:00,A,LBIRTH_NR,RU,2010,1788948,
ESTAT:TPS00204(1.0),11/07/22 11:00:00,A,LBIRTH_NR,RU,2011,1796629,
ESTAT:TPS00204(1.0),11/07/22 11:00:00,A,LBIRTH_NR,RU,2013,1895822,
ESTAT:TPS00204(1.0),11/07/22 11:00:00,A,LBIRTH_NR,RU,2014,1913472,
ESTAT:TPS00204(1.0),11/07/22 11:00:00,A,LBIRTH_NR,SE,2010,115641,
ESTAT:TPS00204(1.0),11/07/22 11:00:00,A,LBIRTH_NR,SE,2011,111770,
ESTAT:TPS00204(1.0),11/07/22 11:00:00,A,LBIRTH_NR,SE,2012,113177,
ESTAT:TPS00204(1.0),11/07/22 11:00:00,A,LBIRTH_NR,SE,2013,113593,
ESTAT:TPS00204(1.0),11/07/22 11:00:00,A,LBIRTH_NR,SE,2014,114907,
ESTAT:TPS00204(1.0),11/07/22 11:00:00,A,LBIRTH_NR,SE,2015,114870,
ESTAT:TPS00204(1.0),11/07/22 11:00:00,A,LBIRTH_NR,SE,2016,117425,
ESTAT:TPS00204(1.0),11/07/22 11:00:00,A,LBIRTH_NR,SE,2017,115416,
ESTAT:TPS00204(1.0),11/07/22 11:00:00,A,LBIRTH_NR,SE,2018,115832,
ESTAT:TPS00204(1.0),11/07/22 11:00:00,A,LBIRTH_NR,SE,2019,114523,
ESTAT:TPS00204(1.0),11/07/22 11:00:00,A,LBIRTH_NR,SE,2020,113077,
ESTAT:TPS00204(1.0),11/07/22 11:00:00,A,LBIRTH_NR,SE,2021,114263,
ESTAT:TPS00204(1.0),11/07/22 11:00:00,A,LBIRTH_NR,SI,2010,22343,
ESTAT:TPS00204(1.0),11/07/22 11:00:00,A,LBIRTH_NR,SI,2011,21947,
ESTAT:TPS00204(1.0),11/07/22 11:00:00,A,LBIRTH_NR,SI,2012,21938,
ESTAT:TPS00204(1.0),11/07/22 11:00:00,A,LBIRTH_NR,SI,2013,21111,
ESTAT:TPS00204(1.0),11/07/22 11:00:00,A,LBIRTH_NR,SI,2014,21165,
ESTAT:TPS00204(1.0),11/07/22 11:00:00,A,LBIRTH_NR,SI,2015,20641,
ESTAT:TPS00204(1.0),11/07/22 11:00:00,A,LBIRTH_NR,SI,2016,20345,
ESTAT:TPS00204(1.0),11/07/22 11:00:00,A,LBIRTH_NR,SI,2017,20241,
ESTAT:TPS00204(1.0),11/07/22 11:00:00,A,LBIRTH_NR,SI,2018,19585,
ESTAT:TPS00204(1.0),11/07/22 11:00:00,A,LBIRTH_NR,SI,2019,19328,
ESTAT:TPS00204(1.0),11/07/22 11:00:00,A,LBIRTH_NR,SI,2020,18767,
ESTAT:TPS00204(1.0),11/07/22 11:00:00,A,LBIRTH_NR,SI,2021,18984,
ESTAT:TPS00204(1.0),11/07/22 11:00:00,A,LBIRTH_NR,SK,2010,60410,
ESTAT:TPS00204(1.0),11/07/22 11:00:00,A,LBIRTH_NR,SK,2011,60813,
ESTAT:TPS00204(1.0),11/07/22 11:00:00,A,LBIRTH_NR,SK,2012,55535,
ESTAT:TPS00204(1.0),11/07/22 11:00:00,A,LBIRTH_NR,SK,2013,54823,
ESTAT:TPS00204(1.0),11/07/22 11:00:00,A,LBIRTH_NR,SK,2014,55033,
ESTAT:TPS00204(1.0),11/07/22 11:00:00,A,LBIRTH_NR,SK,2015,55602,
ESTAT:TPS00204(1.0),11/07/22 11:00:00,A,LBIRTH_NR,SK,2016,57557,
ESTAT:TPS00204(1.0),11/07/22 11:00:00,A,LBIRTH_NR,SK,2017,57969,
ESTAT:TPS00204(1.0),11/07/22 11:00:00,A,LBIRTH_NR,SK,2018,57639,
ESTAT:TPS00204(1.0),11/07/22 11:00:00,A,LBIRTH_NR,SK,2019,57054,
ESTAT:TPS00204(1.0),11/07/22 11:00:00,A,LBIRTH_NR,SK,2020,56650,
ESTAT:TPS00204(1.0),11/07/22 11:00:00,A,LBIRTH_NR,SK,2021,56565,
ESTAT:TPS00204(1.0),11/07/22 11:00:00,A,LBIRTH_NR,SM,2011,325,
ESTAT:TPS00204(1.0),11/07/22 11:00:00,A,LBIRTH_NR,SM,2012,292,
ESTAT:TPS00204(1.0),11/07/22 11:00:00,A,LBIRTH_NR,SM,2013,320,
ESTAT:TPS00204(1.0),11/07/22 11:00:00,A,LBIRTH_NR,SM,2014,296,
ESTAT:TPS00204(1.0),11/07/22 11:00:00,A,LBIRTH_NR,SM,2015,269,
ESTAT:TPS00204(1.0),11/07/22 11:00:00,A,LBIRTH_NR,SM,2016,262,
ESTAT:TPS00204(1.0),11/07/22 11:00:00,A,LBIRTH_NR,SM,2017,228,
ESTAT:TPS00204(1.0),11/07/22 11:00:00,A,LBIRTH_NR,SM,2018,235,
ESTAT:TPS00204(1.0),11/07/22 11:00:00,A,LBIRTH_NR,SM,2019,232,
ESTAT:TPS00204(1.0),11/07/22 11:00:00,A,LBIRTH_NR,SM,2021,212,
ESTAT:TPS00204(1.0),11/07/22 11:00:00,A,LBIRTH_NR,TR,2010,1238970,
ESTAT:TPS00204(1.0),11/07/22 11:00:00,A,LBIRTH_NR,TR,2011,1241412,
ESTAT:TPS00204(1.0),11/07/22 11:00:00,A,LBIRTH_NR,TR,2012,1279864,
ESTAT:TPS00204(1.0),11/07/22 11:00:00,A,LBIRTH_NR,TR,2013,1283062,
ESTAT:TPS00204(1.0),11/07/22 11:00:00,A,LBIRTH_NR,TR,2014,1337504,
ESTAT:TPS00204(1.0),11/07/22 11:00:00,A,LBIRTH_NR,TR,2015,1325783,
ESTAT:TPS00204(1.0),11/07/22 11:00:00,A,LBIRTH_NR,TR,2016,1309771,
ESTAT:TPS00204(1.0),11/07/22 11:00:00,A,LBIRTH_NR,TR,2017,1291055,
ESTAT:TPS00204(1.0),11/07/22 11:00:00,A,LBIRTH_NR,TR,2018,1248847,
ESTAT:TPS00204(1.0),11/07/22 11:00:00,A,LBIRTH_NR,TR,2019,1183652,
ESTAT:TPS00204(1.0),11/07/22 11:00:00,A,LBIRTH_NR,TR,2020,1112859,
ESTAT:TPS00204(1.0),11/07/22 11:00:00,A,LBIRTH_NR,TR,2021,1079842,
ESTAT:TPS00204(1.0),11/07/22 11:00:00,A,LBIRTH_NR,UA,2010,497689,
ESTAT:TPS00204(1.0),11/07/22 11:00:00,A,LBIRTH_NR,UA,2011,502595,
ESTAT:TPS00204(1.0),11/07/22 11:00:00,A,LBIRTH_NR,UA,2012,520705,
ESTAT:TPS00204(1.0),11/07/22 11:00:00,A,LBIRTH_NR,UA,2013,503657,
ESTAT:TPS00204(1.0),11/07/22 11:00:00,A,LBIRTH_NR,UA,2014,465882,
ESTAT:TPS00204(1.0),11/07/22 11:00:00,A,LBIRTH_NR,UA,2015,411781,
ESTAT:TPS00204(1.0),11/07/22 11:00:00,A,LBIRTH_NR,UA,2016,397037,
ESTAT:TPS00204(1.0),11/07/22 11:00:00,A,LBIRTH_NR,UA,2017,363987,
ESTAT:TPS00204(1.0),11/07/22 11:00:00,A,LBIRTH_NR,UA,2018,335874,
ESTAT:TPS00204(1.0),11/07/22 11:00:00,A,LBIRTH_NR,UA,2019,308817,
ESTAT:TPS00204(1.0),11/07/22 11:00:00,A,LBIRTH_NR,UA,2020,293457,
ESTAT:TPS00204(1.0),11/07/22 11:00:00,A,LBIRTH_NR,UA,2021,271983,e
ESTAT:TPS00204(1.0),11/07/22 11:00:00,A,LBIRTH_NR,UK,2010,807271,
ESTAT:TPS00204(1.0),11/07/22 11:00:00,A,LBIRTH_NR,UK,2011,807776,
ESTAT:TPS00204(1.0),11/07/22 11:00:00,A,LBIRTH_NR,UK,2012,812970,
ESTAT:TPS00204(1.0),11/07/22 11:00:00,A,LBIRTH_NR,UK,2013,778358,
ESTAT:TPS00204(1.0),11/07/22 11:00:00,A,LBIRTH_NR,UK,2014,775908,
ESTAT:TPS00204(1.0),11/07/22 11:00:00,A,LBIRTH_NR,UK,2015,776746,
ESTAT:TPS00204(1.0),11/07/22 11:00:00,A,LBIRTH_NR,UK,2016,774386,
ESTAT:TPS00204(1.0),11/07/22 11:00:00,A,LBIRTH_NR,UK,2017,754754,
ESTAT:TPS00204(1.0),11/07/22 11:00:00,A,LBIRTH_NR,UK,2018,730918,
ESTAT:TPS00204(1.0),11/07/22 11:00:00,A,LBIRTH_NR,UK,2019,712699,p
ESTAT:TPS00204(1.0),11/07/22 11:00:00,A,LBIRTH_NR,XK,2010,33751,
ESTAT:TPS00204(1.0),11/07/22 11:00:00,A,LBIRTH_NR,XK,2011,27626,
ESTAT:TPS00204(1.0),11/07/22 11:00:00,A,LBIRTH_NR,XK,2012,27743,
ESTAT:TPS00204(1.0),11/07/22 11:00:00,A,LBIRTH_NR,XK,2013,29327,
ESTAT:TPS00204(1.0),11/07/22 11:00:00,A,LBIRTH_NR,XK,2014,25929,
ESTAT:TPS00204(1.0),11/07/22 11:00:00,A,LBIRTH_NR,XK,2015,24594,
ESTAT:TPS00204(1.0),11/07/22 11:00:00,A,LBIRTH_NR,XK,2016,23416,
ESTAT:TPS00204(1.0),11/07/22 11:00:00,A,LBIRTH_NR,XK,2017,23402,
ESTAT:TPS00204(1.0),11/07/22 11:00:00,A,LBIRTH_NR,XK,2018,22761,
ESTAT:TPS00204(1.0),11/07/22 11:00:00,A,LBIRTH_NR,XK,2019,21798,
