DATAFLOW,LAST UPDATE,freq,unit,geo,TIME_PERIOD,OBS_VALUE,OBS_FLAG
ESTAT:SDG_10_20(1.0),28/11/22 11:00:00,A,PPS_EU27_2020_HAB,AT,2000,18096,
ESTAT:SDG_10_20(1.0),28/11/22 11:00:00,A,PPS_EU27_2020_HAB,AT,2001,18038,
ESTAT:SDG_10_20(1.0),28/11/22 11:00:00,A,PPS_EU27_2020_HAB,AT,2002,18604,
ESTAT:SDG_10_20(1.0),28/11/22 11:00:00,A,PPS_EU27_2020_HAB,AT,2003,19575,
ESTAT:SDG_10_20(1.0),28/11/22 11:00:00,A,PPS_EU27_2020_HAB,AT,2004,20217,
ESTAT:SDG_10_20(1.0),28/11/22 11:00:00,A,PPS_EU27_2020_HAB,AT,2005,21540,
ESTAT:SDG_10_20(1.0),28/11/22 11:00:00,A,PPS_EU27_2020_HAB,AT,2006,22504,
ESTAT:SDG_10_20(1.0),28/11/22 11:00:00,A,PPS_EU27_2020_HAB,AT,2007,23128,
ESTAT:SDG_10_20(1.0),28/11/22 11:00:00,A,PPS_EU27_2020_HAB,AT,2008,23767,
ESTAT:SDG_10_20(1.0),28/11/22 11:00:00,A,PPS_EU27_2020_HAB,AT,2009,23554,
ESTAT:SDG_10_20(1.0),28/11/22 11:00:00,A,PPS_EU27_2020_HAB,AT,2010,23763,
ESTAT:SDG_10_20(1.0),28/11/22 11:00:00,A,PPS_EU27_2020_HAB,AT,2011,24130,
ESTAT:SDG_10_20(1.0),28/11/22 11:00:00,A,PPS_EU27_2020_HAB,AT,2012,24889,
ESTAT:SDG_10_20(1.0),28/11/22 11:00:00,A,PPS_EU27_2020_HAB,AT,2013,24913,
ESTAT:SDG_10_20(1.0),28/11/22 11:00:00,A,PPS_EU27_2020_HAB,AT,2014,25108,
ESTAT:SDG_10_20(1.0),28/11/22 11:00:00,A,PPS_EU27_2020_HAB,AT,2015,25202,
ESTAT:SDG_10_20(1.0),28/11/22 11:00:00,A,PPS_EU27_2020_HAB,AT,2016,25634,
ESTAT:SDG_10_20(1.0),28/11/22 11:00:00,A,PPS_EU27_2020_HAB,AT,2017,26041,
ESTAT:SDG_10_20(1.0),28/11/22 11:00:00,A,PPS_EU27_2020_HAB,AT,2018,26639,
ESTAT:SDG_10_20(1.0),28/11/22 11:00:00,A,PPS_EU27_2020_HAB,AT,2019,27352,
ESTAT:SDG_10_20(1.0),28/11/22 11:00:00,A,PPS_EU27_2020_HAB,AT,2020,26811,
ESTAT:SDG_10_20(1.0),28/11/22 11:00:00,A,PPS_EU27_2020_HAB,AT,2021,28252,
ESTAT:SDG_10_20(1.0),28/11/22 11:00:00,A,PPS_EU27_2020_HAB,BE,2000,17072,
ESTAT:SDG_10_20(1.0),28/11/22 11:00:00,A,PPS_EU27_2020_HAB,BE,2001,17746,
ESTAT:SDG_10_20(1.0),28/11/22 11:00:00,A,PPS_EU27_2020_HAB,BE,2002,18280,
ESTAT:SDG_10_20(1.0),28/11/22 11:00:00,A,PPS_EU27_2020_HAB,BE,2003,18555,
ESTAT:SDG_10_20(1.0),28/11/22 11:00:00,A,PPS_EU27_2020_HAB,BE,2004,18779,
ESTAT:SDG_10_20(1.0),28/11/22 11:00:00,A,PPS_EU27_2020_HAB,BE,2005,19479,
ESTAT:SDG_10_20(1.0),28/11/22 11:00:00,A,PPS_EU27_2020_HAB,BE,2006,20226,
ESTAT:SDG_10_20(1.0),28/11/22 11:00:00,A,PPS_EU27_2020_HAB,BE,2007,20723,
ESTAT:SDG_10_20(1.0),28/11/22 11:00:00,A,PPS_EU27_2020_HAB,BE,2008,21724,
ESTAT:SDG_10_20(1.0),28/11/22 11:00:00,A,PPS_EU27_2020_HAB,BE,2009,21592,
ESTAT:SDG_10_20(1.0),28/11/22 11:00:00,A,PPS_EU27_2020_HAB,BE,2010,21935,
ESTAT:SDG_10_20(1.0),28/11/22 11:00:00,A,PPS_EU27_2020_HAB,BE,2011,22347,
ESTAT:SDG_10_20(1.0),28/11/22 11:00:00,A,PPS_EU27_2020_HAB,BE,2012,22762,
ESTAT:SDG_10_20(1.0),28/11/22 11:00:00,A,PPS_EU27_2020_HAB,BE,2013,23186,
ESTAT:SDG_10_20(1.0),28/11/22 11:00:00,A,PPS_EU27_2020_HAB,BE,2014,23574,
ESTAT:SDG_10_20(1.0),28/11/22 11:00:00,A,PPS_EU27_2020_HAB,BE,2015,23872,
ESTAT:SDG_10_20(1.0),28/11/22 11:00:00,A,PPS_EU27_2020_HAB,BE,2016,23933,
ESTAT:SDG_10_20(1.0),28/11/22 11:00:00,A,PPS_EU27_2020_HAB,BE,2017,24487,
ESTAT:SDG_10_20(1.0),28/11/22 11:00:00,A,PPS_EU27_2020_HAB,BE,2018,25064,
ESTAT:SDG_10_20(1.0),28/11/22 11:00:00,A,PPS_EU27_2020_HAB,BE,2019,25934,
ESTAT:SDG_10_20(1.0),28/11/22 11:00:00,A,PPS_EU27_2020_HAB,BE,2020,26524,p
ESTAT:SDG_10_20(1.0),28/11/22 11:00:00,A,PPS_EU27_2020_HAB,BE,2021,27726,p
ESTAT:SDG_10_20(1.0),28/11/22 11:00:00,A,PPS_EU27_2020_HAB,BG,2000,3868,
ESTAT:SDG_10_20(1.0),28/11/22 11:00:00,A,PPS_EU27_2020_HAB,BG,2001,4051,
ESTAT:SDG_10_20(1.0),28/11/22 11:00:00,A,PPS_EU27_2020_HAB,BG,2002,4586,
ESTAT:SDG_10_20(1.0),28/11/22 11:00:00,A,PPS_EU27_2020_HAB,BG,2003,4989,
ESTAT:SDG_10_20(1.0),28/11/22 11:00:00,A,PPS_EU27_2020_HAB,BG,2004,5240,
ESTAT:SDG_10_20(1.0),28/11/22 11:00:00,A,PPS_EU27_2020_HAB,BG,2005,5630,
ESTAT:SDG_10_20(1.0),28/11/22 11:00:00,A,PPS_EU27_2020_HAB,BG,2006,5985,
ESTAT:SDG_10_20(1.0),28/11/22 11:00:00,A,PPS_EU27_2020_HAB,BG,2007,6444,
ESTAT:SDG_10_20(1.0),28/11/22 11:00:00,A,PPS_EU27_2020_HAB,BG,2008,7435,
ESTAT:SDG_10_20(1.0),28/11/22 11:00:00,A,PPS_EU27_2020_HAB,BG,2009,7369,
ESTAT:SDG_10_20(1.0),28/11/22 11:00:00,A,PPS_EU27_2020_HAB,BG,2010,7726,
ESTAT:SDG_10_20(1.0),28/11/22 11:00:00,A,PPS_EU27_2020_HAB,BG,2011,8514,
ESTAT:SDG_10_20(1.0),28/11/22 11:00:00,A,PPS_EU27_2020_HAB,BG,2012,8590,
ESTAT:SDG_10_20(1.0),28/11/22 11:00:00,A,PPS_EU27_2020_HAB,BG,2013,8981,
ESTAT:SDG_10_20(1.0),28/11/22 11:00:00,A,PPS_EU27_2020_HAB,BG,2014,9361,
ESTAT:SDG_10_20(1.0),28/11/22 11:00:00,A,PPS_EU27_2020_HAB,BG,2015,9657,
ESTAT:SDG_10_20(1.0),28/11/22 11:00:00,A,PPS_EU27_2020_HAB,BG,2016,10088,
ESTAT:SDG_10_20(1.0),28/11/22 11:00:00,A,PPS_EU27_2020_HAB,BG,2017,10508,
ESTAT:SDG_10_20(1.0),28/11/22 11:00:00,A,PPS_EU27_2020_HAB,CH,2000,20122,
ESTAT:SDG_10_20(1.0),28/11/22 11:00:00,A,PPS_EU27_2020_HAB,CH,2001,20932,
ESTAT:SDG_10_20(1.0),28/11/22 11:00:00,A,PPS_EU27_2020_HAB,CH,2002,21123,
ESTAT:SDG_10_20(1.0),28/11/22 11:00:00,A,PPS_EU27_2020_HAB,CH,2003,21122,
ESTAT:SDG_10_20(1.0),28/11/22 11:00:00,A,PPS_EU27_2020_HAB,CH,2004,21747,
ESTAT:SDG_10_20(1.0),28/11/22 11:00:00,A,PPS_EU27_2020_HAB,CH,2005,22612,
ESTAT:SDG_10_20(1.0),28/11/22 11:00:00,A,PPS_EU27_2020_HAB,CH,2006,23969,
ESTAT:SDG_10_20(1.0),28/11/22 11:00:00,A,PPS_EU27_2020_HAB,CH,2007,26108,
ESTAT:SDG_10_20(1.0),28/11/22 11:00:00,A,PPS_EU27_2020_HAB,CH,2008,27100,
ESTAT:SDG_10_20(1.0),28/11/22 11:00:00,A,PPS_EU27_2020_HAB,CH,2009,27080,
ESTAT:SDG_10_20(1.0),28/11/22 11:00:00,A,PPS_EU27_2020_HAB,CH,2010,26786,
ESTAT:SDG_10_20(1.0),28/11/22 11:00:00,A,PPS_EU27_2020_HAB,CH,2011,27177,
ESTAT:SDG_10_20(1.0),28/11/22 11:00:00,A,PPS_EU27_2020_HAB,CH,2012,27731,
ESTAT:SDG_10_20(1.0),28/11/22 11:00:00,A,PPS_EU27_2020_HAB,CH,2013,28516,
ESTAT:SDG_10_20(1.0),28/11/22 11:00:00,A,PPS_EU27_2020_HAB,CH,2014,29020,
ESTAT:SDG_10_20(1.0),28/11/22 11:00:00,A,PPS_EU27_2020_HAB,CH,2015,29367,
ESTAT:SDG_10_20(1.0),28/11/22 11:00:00,A,PPS_EU27_2020_HAB,CH,2016,29080,
ESTAT:SDG_10_20(1.0),28/11/22 11:00:00,A,PPS_EU27_2020_HAB,CH,2017,28461,
ESTAT:SDG_10_20(1.0),28/11/22 11:00:00,A,PPS_EU27_2020_HAB,CH,2018,28731,
ESTAT:SDG_10_20(1.0),28/11/22 11:00:00,A,PPS_EU27_2020_HAB,CH,2019,29077,
ESTAT:SDG_10_20(1.0),28/11/22 11:00:00,A,PPS_EU27_2020_HAB,CH,2020,29882,p
ESTAT:SDG_10_20(1.0),28/11/22 11:00:00,A,PPS_EU27_2020_HAB,CH,2021,30611,p
ESTAT:SDG_10_20(1.0),28/11/22 11:00:00,A,PPS_EU27_2020_HAB,CY,2000,12020,
ESTAT:SDG_10_20(1.0),28/11/22 11:00:00,A,PPS_EU27_2020_HAB,CY,2001,12493,
ESTAT:SDG_10_20(1.0),28/11/22 11:00:00,A,PPS_EU27_2020_HAB,CY,2002,12585,
ESTAT:SDG_10_20(1.0),28/11/22 11:00:00,A,PPS_EU27_2020_HAB,CY,2003,13531,
ESTAT:SDG_10_20(1.0),28/11/22 11:00:00,A,PPS_EU27_2020_HAB,CY,2004,14766,
ESTAT:SDG_10_20(1.0),28/11/22 11:00:00,A,PPS_EU27_2020_HAB,CY,2005,16199,
ESTAT:SDG_10_20(1.0),28/11/22 11:00:00,A,PPS_EU27_2020_HAB,CY,2006,17012,
ESTAT:SDG_10_20(1.0),28/11/22 11:00:00,A,PPS_EU27_2020_HAB,CY,2007,18379,
ESTAT:SDG_10_20(1.0),28/11/22 11:00:00,A,PPS_EU27_2020_HAB,CY,2008,20044,
ESTAT:SDG_10_20(1.0),28/11/22 11:00:00,A,PPS_EU27_2020_HAB,CY,2009,19392,
ESTAT:SDG_10_20(1.0),28/11/22 11:00:00,A,PPS_EU27_2020_HAB,CY,2010,18780,
ESTAT:SDG_10_20(1.0),28/11/22 11:00:00,A,PPS_EU27_2020_HAB,CY,2011,18521,
ESTAT:SDG_10_20(1.0),28/11/22 11:00:00,A,PPS_EU27_2020_HAB,CY,2012,17422,
ESTAT:SDG_10_20(1.0),28/11/22 11:00:00,A,PPS_EU27_2020_HAB,CY,2013,16903,
ESTAT:SDG_10_20(1.0),28/11/22 11:00:00,A,PPS_EU27_2020_HAB,CY,2014,16229,
ESTAT:SDG_10_20(1.0),28/11/22 11:00:00,A,PPS_EU27_2020_HAB,CY,2015,16635,
ESTAT:SDG_10_20(1.0),28/11/22 11:00:00,A,PPS_EU27_2020_HAB,CY,2016,17846,
ESTAT:SDG_10_20(1.0),28/11/22 11:00:00,A,PPS_EU27_2020_HAB,CY,2017,18782,
ESTAT:SDG_10_20(1.0),28/11/22 11:00:00,A,PPS_EU27_2020_HAB,CY,2018,19352,
ESTAT:SDG_10_20(1.0),28/11/22 11:00:00,A,PPS_EU27_2020_HAB,CY,2019,20693,
ESTAT:SDG_10_20(1.0),28/11/22 11:00:00,A,PPS_EU27_2020_HAB,CY,2020,20792,
ESTAT:SDG_10_20(1.0),28/11/22 11:00:00,A,PPS_EU27_2020_HAB,CY,2021,21545,p
ESTAT:SDG_10_20(1.0),28/11/22 11:00:00,A,PPS_EU27_2020_HAB,CZ,2000,9409,
ESTAT:SDG_10_20(1.0),28/11/22 11:00:00,A,PPS_EU27_2020_HAB,CZ,2001,10226,
ESTAT:SDG_10_20(1.0),28/11/22 11:00:00,A,PPS_EU27_2020_HAB,CZ,2002,10423,
ESTAT:SDG_10_20(1.0),28/11/22 11:00:00,A,PPS_EU27_2020_HAB,CZ,2003,11116,
ESTAT:SDG_10_20(1.0),28/11/22 11:00:00,A,PPS_EU27_2020_HAB,CZ,2004,11533,
ESTAT:SDG_10_20(1.0),28/11/22 11:00:00,A,PPS_EU27_2020_HAB,CZ,2005,12128,
ESTAT:SDG_10_20(1.0),28/11/22 11:00:00,A,PPS_EU27_2020_HAB,CZ,2006,12590,
ESTAT:SDG_10_20(1.0),28/11/22 11:00:00,A,PPS_EU27_2020_HAB,CZ,2007,13366,
ESTAT:SDG_10_20(1.0),28/11/22 11:00:00,A,PPS_EU27_2020_HAB,CZ,2008,13987,
ESTAT:SDG_10_20(1.0),28/11/22 11:00:00,A,PPS_EU27_2020_HAB,CZ,2009,14433,
ESTAT:SDG_10_20(1.0),28/11/22 11:00:00,A,PPS_EU27_2020_HAB,CZ,2010,14669,
ESTAT:SDG_10_20(1.0),28/11/22 11:00:00,A,PPS_EU27_2020_HAB,CZ,2011,14741,
ESTAT:SDG_10_20(1.0),28/11/22 11:00:00,A,PPS_EU27_2020_HAB,CZ,2012,14832,
ESTAT:SDG_10_20(1.0),28/11/22 11:00:00,A,PPS_EU27_2020_HAB,CZ,2013,15284,
ESTAT:SDG_10_20(1.0),28/11/22 11:00:00,A,PPS_EU27_2020_HAB,CZ,2014,16012,
ESTAT:SDG_10_20(1.0),28/11/22 11:00:00,A,PPS_EU27_2020_HAB,CZ,2015,16341,
ESTAT:SDG_10_20(1.0),28/11/22 11:00:00,A,PPS_EU27_2020_HAB,CZ,2016,16744,
ESTAT:SDG_10_20(1.0),28/11/22 11:00:00,A,PPS_EU27_2020_HAB,CZ,2017,17901,
ESTAT:SDG_10_20(1.0),28/11/22 11:00:00,A,PPS_EU27_2020_HAB,CZ,2018,18673,
ESTAT:SDG_10_20(1.0),28/11/22 11:00:00,A,PPS_EU27_2020_HAB,CZ,2019,19515,
ESTAT:SDG_10_20(1.0),28/11/22 11:00:00,A,PPS_EU27_2020_HAB,CZ,2020,19468,
ESTAT:SDG_10_20(1.0),28/11/22 11:00:00,A,PPS_EU27_2020_HAB,CZ,2021,20845,
ESTAT:SDG_10_20(1.0),28/11/22 11:00:00,A,PPS_EU27_2020_HAB,DE,2000,17725,
ESTAT:SDG_10_20(1.0),28/11/22 11:00:00,A,PPS_EU27_2020_HAB,DE,2001,18539,
ESTAT:SDG_10_20(1.0),28/11/22 11:00:00,A,PPS_EU27_2020_HAB,DE,2002,18671,
ESTAT:SDG_10_20(1.0),28/11/22 11:00:00,A,PPS_EU27_2020_HAB,DE,2003,19550,
ESTAT:SDG_10_20(1.0),28/11/22 11:00:00,A,PPS_EU27_2020_HAB,DE,2004,20135,
ESTAT:SDG_10_20(1.0),28/11/22 11:00:00,A,PPS_EU27_2020_HAB,DE,2005,20653,
ESTAT:SDG_10_20(1.0),28/11/22 11:00:00,A,PPS_EU27_2020_HAB,DE,2006,21251,
ESTAT:SDG_10_20(1.0),28/11/22 11:00:00,A,PPS_EU27_2020_HAB,DE,2007,21966,
ESTAT:SDG_10_20(1.0),28/11/22 11:00:00,A,PPS_EU27_2020_HAB,DE,2008,22689,
ESTAT:SDG_10_20(1.0),28/11/22 11:00:00,A,PPS_EU27_2020_HAB,DE,2009,22594,
ESTAT:SDG_10_20(1.0),28/11/22 11:00:00,A,PPS_EU27_2020_HAB,DE,2010,23403,
ESTAT:SDG_10_20(1.0),28/11/22 11:00:00,A,PPS_EU27_2020_HAB,DE,2011,24404,
ESTAT:SDG_10_20(1.0),28/11/22 11:00:00,A,PPS_EU27_2020_HAB,DE,2012,24888,
ESTAT:SDG_10_20(1.0),28/11/22 11:00:00,A,PPS_EU27_2020_HAB,DE,2013,25097,
ESTAT:SDG_10_20(1.0),28/11/22 11:00:00,A,PPS_EU27_2020_HAB,DE,2014,25696,
ESTAT:SDG_10_20(1.0),28/11/22 11:00:00,A,PPS_EU27_2020_HAB,DE,2015,25992,
ESTAT:SDG_10_20(1.0),28/11/22 11:00:00,A,PPS_EU27_2020_HAB,DE,2016,26813,
ESTAT:SDG_10_20(1.0),28/11/22 11:00:00,A,PPS_EU27_2020_HAB,DE,2017,27652,
ESTAT:SDG_10_20(1.0),28/11/22 11:00:00,A,PPS_EU27_2020_HAB,DE,2018,28717,
ESTAT:SDG_10_20(1.0),28/11/22 11:00:00,A,PPS_EU27_2020_HAB,DE,2019,29037,p
ESTAT:SDG_10_20(1.0),28/11/22 11:00:00,A,PPS_EU27_2020_HAB,DE,2020,29689,p
ESTAT:SDG_10_20(1.0),28/11/22 11:00:00,A,PPS_EU27_2020_HAB,DE,2021,30468,p
ESTAT:SDG_10_20(1.0),28/11/22 11:00:00,A,PPS_EU27_2020_HAB,DK,2000,13949,
ESTAT:SDG_10_20(1.0),28/11/22 11:00:00,A,PPS_EU27_2020_HAB,DK,2001,14435,
ESTAT:SDG_10_20(1.0),28/11/22 11:00:00,A,PPS_EU27_2020_HAB,DK,2002,15187,
ESTAT:SDG_10_20(1.0),28/11/22 11:00:00,A,PPS_EU27_2020_HAB,DK,2003,15545,
ESTAT:SDG_10_20(1.0),28/11/22 11:00:00,A,PPS_EU27_2020_HAB,DK,2004,16192,
ESTAT:SDG_10_20(1.0),28/11/22 11:00:00,A,PPS_EU27_2020_HAB,DK,2005,16734,
ESTAT:SDG_10_20(1.0),28/11/22 11:00:00,A,PPS_EU27_2020_HAB,DK,2006,17785,
ESTAT:SDG_10_20(1.0),28/11/22 11:00:00,A,PPS_EU27_2020_HAB,DK,2007,18650,
ESTAT:SDG_10_20(1.0),28/11/22 11:00:00,A,PPS_EU27_2020_HAB,DK,2008,19207,
ESTAT:SDG_10_20(1.0),28/11/22 11:00:00,A,PPS_EU27_2020_HAB,DK,2009,19578,
ESTAT:SDG_10_20(1.0),28/11/22 11:00:00,A,PPS_EU27_2020_HAB,DK,2010,20630,
ESTAT:SDG_10_20(1.0),28/11/22 11:00:00,A,PPS_EU27_2020_HAB,DK,2011,21033,
ESTAT:SDG_10_20(1.0),28/11/22 11:00:00,A,PPS_EU27_2020_HAB,DK,2012,21100,
ESTAT:SDG_10_20(1.0),28/11/22 11:00:00,A,PPS_EU27_2020_HAB,DK,2013,21489,
ESTAT:SDG_10_20(1.0),28/11/22 11:00:00,A,PPS_EU27_2020_HAB,DK,2014,21610,
ESTAT:SDG_10_20(1.0),28/11/22 11:00:00,A,PPS_EU27_2020_HAB,DK,2015,22341,
ESTAT:SDG_10_20(1.0),28/11/22 11:00:00,A,PPS_EU27_2020_HAB,DK,2016,22608,
ESTAT:SDG_10_20(1.0),28/11/22 11:00:00,A,PPS_EU27_2020_HAB,DK,2017,23546,
ESTAT:SDG_10_20(1.0),28/11/22 11:00:00,A,PPS_EU27_2020_HAB,DK,2018,24213,
ESTAT:SDG_10_20(1.0),28/11/22 11:00:00,A,PPS_EU27_2020_HAB,DK,2019,24757,
ESTAT:SDG_10_20(1.0),28/11/22 11:00:00,A,PPS_EU27_2020_HAB,DK,2020,25022,
ESTAT:SDG_10_20(1.0),28/11/22 11:00:00,A,PPS_EU27_2020_HAB,DK,2021,25698,
ESTAT:SDG_10_20(1.0),28/11/22 11:00:00,A,PPS_EU27_2020_HAB,EA19,2000,15846,
ESTAT:SDG_10_20(1.0),28/11/22 11:00:00,A,PPS_EU27_2020_HAB,EA19,2001,16671,
ESTAT:SDG_10_20(1.0),28/11/22 11:00:00,A,PPS_EU27_2020_HAB,EA19,2002,17128,
ESTAT:SDG_10_20(1.0),28/11/22 11:00:00,A,PPS_EU27_2020_HAB,EA19,2003,17552,
ESTAT:SDG_10_20(1.0),28/11/22 11:00:00,A,PPS_EU27_2020_HAB,EA19,2004,18072,
ESTAT:SDG_10_20(1.0),28/11/22 11:00:00,A,PPS_EU27_2020_HAB,EA19,2005,18697,
ESTAT:SDG_10_20(1.0),28/11/22 11:00:00,A,PPS_EU27_2020_HAB,EA19,2006,19498,
ESTAT:SDG_10_20(1.0),28/11/22 11:00:00,A,PPS_EU27_2020_HAB,EA19,2007,20179,
ESTAT:SDG_10_20(1.0),28/11/22 11:00:00,A,PPS_EU27_2020_HAB,EA19,2008,20829,
ESTAT:SDG_10_20(1.0),28/11/22 11:00:00,A,PPS_EU27_2020_HAB,EA19,2009,20546,
ESTAT:SDG_10_20(1.0),28/11/22 11:00:00,A,PPS_EU27_2020_HAB,EA19,2010,20849,
ESTAT:SDG_10_20(1.0),28/11/22 11:00:00,A,PPS_EU27_2020_HAB,EA19,2011,21163,
ESTAT:SDG_10_20(1.0),28/11/22 11:00:00,A,PPS_EU27_2020_HAB,EA19,2012,21107,
ESTAT:SDG_10_20(1.0),28/11/22 11:00:00,A,PPS_EU27_2020_HAB,EA19,2013,21251,
ESTAT:SDG_10_20(1.0),28/11/22 11:00:00,A,PPS_EU27_2020_HAB,EA19,2014,21495,
ESTAT:SDG_10_20(1.0),28/11/22 11:00:00,A,PPS_EU27_2020_HAB,EA19,2015,21882,
ESTAT:SDG_10_20(1.0),28/11/22 11:00:00,A,PPS_EU27_2020_HAB,EA19,2016,22347,
ESTAT:SDG_10_20(1.0),28/11/22 11:00:00,A,PPS_EU27_2020_HAB,EA19,2017,22961,
ESTAT:SDG_10_20(1.0),28/11/22 11:00:00,A,PPS_EU27_2020_HAB,EA19,2018,23613,
ESTAT:SDG_10_20(1.0),28/11/22 11:00:00,A,PPS_EU27_2020_HAB,EA19,2019,24281,
ESTAT:SDG_10_20(1.0),28/11/22 11:00:00,A,PPS_EU27_2020_HAB,EA19,2020,24466,
ESTAT:SDG_10_20(1.0),28/11/22 11:00:00,A,PPS_EU27_2020_HAB,EA19,2021,25554,
ESTAT:SDG_10_20(1.0),28/11/22 11:00:00,A,PPS_EU27_2020_HAB,EE,2000,5616,
ESTAT:SDG_10_20(1.0),28/11/22 11:00:00,A,PPS_EU27_2020_HAB,EE,2001,5915,
ESTAT:SDG_10_20(1.0),28/11/22 11:00:00,A,PPS_EU27_2020_HAB,EE,2002,6234,
ESTAT:SDG_10_20(1.0),28/11/22 11:00:00,A,PPS_EU27_2020_HAB,EE,2003,6891,
ESTAT:SDG_10_20(1.0),28/11/22 11:00:00,A,PPS_EU27_2020_HAB,EE,2004,7414,
ESTAT:SDG_10_20(1.0),28/11/22 11:00:00,A,PPS_EU27_2020_HAB,EE,2005,8249,
ESTAT:SDG_10_20(1.0),28/11/22 11:00:00,A,PPS_EU27_2020_HAB,EE,2006,9166,
ESTAT:SDG_10_20(1.0),28/11/22 11:00:00,A,PPS_EU27_2020_HAB,EE,2007,10159,
ESTAT:SDG_10_20(1.0),28/11/22 11:00:00,A,PPS_EU27_2020_HAB,EE,2008,11314,
ESTAT:SDG_10_20(1.0),28/11/22 11:00:00,A,PPS_EU27_2020_HAB,EE,2009,10662,
ESTAT:SDG_10_20(1.0),28/11/22 11:00:00,A,PPS_EU27_2020_HAB,EE,2010,10716,
ESTAT:SDG_10_20(1.0),28/11/22 11:00:00,A,PPS_EU27_2020_HAB,EE,2011,11465,
ESTAT:SDG_10_20(1.0),28/11/22 11:00:00,A,PPS_EU27_2020_HAB,EE,2012,11662,
ESTAT:SDG_10_20(1.0),28/11/22 11:00:00,A,PPS_EU27_2020_HAB,EE,2013,12260,
ESTAT:SDG_10_20(1.0),28/11/22 11:00:00,A,PPS_EU27_2020_HAB,EE,2014,12784,
ESTAT:SDG_10_20(1.0),28/11/22 11:00:00,A,PPS_EU27_2020_HAB,EE,2015,13261,
ESTAT:SDG_10_20(1.0),28/11/22 11:00:00,A,PPS_EU27_2020_HAB,EE,2016,13772,
ESTAT:SDG_10_20(1.0),28/11/22 11:00:00,A,PPS_EU27_2020_HAB,EE,2017,14428,
ESTAT:SDG_10_20(1.0),28/11/22 11:00:00,A,PPS_EU27_2020_HAB,EE,2018,15421,
ESTAT:SDG_10_20(1.0),28/11/22 11:00:00,A,PPS_EU27_2020_HAB,EE,2019,16089,
ESTAT:SDG_10_20(1.0),28/11/22 11:00:00,A,PPS_EU27_2020_HAB,EE,2020,16435,
ESTAT:SDG_10_20(1.0),28/11/22 11:00:00,A,PPS_EU27_2020_HAB,EE,2021,17576,
ESTAT:SDG_10_20(1.0),28/11/22 11:00:00,A,PPS_EU27_2020_HAB,EL,2000,12416,
ESTAT:SDG_10_20(1.0),28/11/22 11:00:00,A,PPS_EU27_2020_HAB,EL,2001,13372,
ESTAT:SDG_10_20(1.0),28/11/22 11:00:00,A,PPS_EU27_2020_HAB,EL,2002,14378,
ESTAT:SDG_10_20(1.0),28/11/22 11:00:00,A,PPS_EU27_2020_HAB,EL,2003,15183,
ESTAT:SDG_10_20(1.0),28/11/22 11:00:00,A,PPS_EU27_2020_HAB,EL,2004,15941,
ESTAT:SDG_10_20(1.0),28/11/22 11:00:00,A,PPS_EU27_2020_HAB,EL,2005,16233,
ESTAT:SDG_10_20(1.0),28/11/22 11:00:00,A,PPS_EU27_2020_HAB,EL,2006,17497,
ESTAT:SDG_10_20(1.0),28/11/22 11:00:00,A,PPS_EU27_2020_HAB,EL,2007,18054,
ESTAT:SDG_10_20(1.0),28/11/22 11:00:00,A,PPS_EU27_2020_HAB,EL,2008,19028,
ESTAT:SDG_10_20(1.0),28/11/22 11:00:00,A,PPS_EU27_2020_HAB,EL,2009,19009,
ESTAT:SDG_10_20(1.0),28/11/22 11:00:00,A,PPS_EU27_2020_HAB,EL,2010,16843,b
ESTAT:SDG_10_20(1.0),28/11/22 11:00:00,A,PPS_EU27_2020_HAB,EL,2011,15300,
ESTAT:SDG_10_20(1.0),28/11/22 11:00:00,A,PPS_EU27_2020_HAB,EL,2012,13985,
ESTAT:SDG_10_20(1.0),28/11/22 11:00:00,A,PPS_EU27_2020_HAB,EL,2013,13693,
ESTAT:SDG_10_20(1.0),28/11/22 11:00:00,A,PPS_EU27_2020_HAB,EL,2014,14107,
ESTAT:SDG_10_20(1.0),28/11/22 11:00:00,A,PPS_EU27_2020_HAB,EL,2015,14349,
ESTAT:SDG_10_20(1.0),28/11/22 11:00:00,A,PPS_EU27_2020_HAB,EL,2016,14354,
ESTAT:SDG_10_20(1.0),28/11/22 11:00:00,A,PPS_EU27_2020_HAB,EL,2017,14554,
ESTAT:SDG_10_20(1.0),28/11/22 11:00:00,A,PPS_EU27_2020_HAB,EL,2018,14789,
ESTAT:SDG_10_20(1.0),28/11/22 11:00:00,A,PPS_EU27_2020_HAB,EL,2019,15624,p
ESTAT:SDG_10_20(1.0),28/11/22 11:00:00,A,PPS_EU27_2020_HAB,EL,2020,15018,p
ESTAT:SDG_10_20(1.0),28/11/22 11:00:00,A,PPS_EU27_2020_HAB,EL,2021,16343,p
ESTAT:SDG_10_20(1.0),28/11/22 11:00:00,A,PPS_EU27_2020_HAB,ES,2000,13341,
ESTAT:SDG_10_20(1.0),28/11/22 11:00:00,A,PPS_EU27_2020_HAB,ES,2001,14267,
ESTAT:SDG_10_20(1.0),28/11/22 11:00:00,A,PPS_EU27_2020_HAB,ES,2002,15021,
ESTAT:SDG_10_20(1.0),28/11/22 11:00:00,A,PPS_EU27_2020_HAB,ES,2003,15489,
ESTAT:SDG_10_20(1.0),28/11/22 11:00:00,A,PPS_EU27_2020_HAB,ES,2004,15947,
ESTAT:SDG_10_20(1.0),28/11/22 11:00:00,A,PPS_EU27_2020_HAB,ES,2005,16754,
ESTAT:SDG_10_20(1.0),28/11/22 11:00:00,A,PPS_EU27_2020_HAB,ES,2006,17467,
ESTAT:SDG_10_20(1.0),28/11/22 11:00:00,A,PPS_EU27_2020_HAB,ES,2007,17592,
ESTAT:SDG_10_20(1.0),28/11/22 11:00:00,A,PPS_EU27_2020_HAB,ES,2008,18185,
ESTAT:SDG_10_20(1.0),28/11/22 11:00:00,A,PPS_EU27_2020_HAB,ES,2009,17813,
ESTAT:SDG_10_20(1.0),28/11/22 11:00:00,A,PPS_EU27_2020_HAB,ES,2010,17452,
ESTAT:SDG_10_20(1.0),28/11/22 11:00:00,A,PPS_EU27_2020_HAB,ES,2011,17469,
ESTAT:SDG_10_20(1.0),28/11/22 11:00:00,A,PPS_EU27_2020_HAB,ES,2012,16746,
ESTAT:SDG_10_20(1.0),28/11/22 11:00:00,A,PPS_EU27_2020_HAB,ES,2013,16882,
ESTAT:SDG_10_20(1.0),28/11/22 11:00:00,A,PPS_EU27_2020_HAB,ES,2014,17174,
ESTAT:SDG_10_20(1.0),28/11/22 11:00:00,A,PPS_EU27_2020_HAB,ES,2015,18045,
ESTAT:SDG_10_20(1.0),28/11/22 11:00:00,A,PPS_EU27_2020_HAB,ES,2016,18410,
ESTAT:SDG_10_20(1.0),28/11/22 11:00:00,A,PPS_EU27_2020_HAB,ES,2017,19107,
ESTAT:SDG_10_20(1.0),28/11/22 11:00:00,A,PPS_EU27_2020_HAB,ES,2018,19353,
ESTAT:SDG_10_20(1.0),28/11/22 11:00:00,A,PPS_EU27_2020_HAB,ES,2019,20191,p
ESTAT:SDG_10_20(1.0),28/11/22 11:00:00,A,PPS_EU27_2020_HAB,ES,2020,19678,p
ESTAT:SDG_10_20(1.0),28/11/22 11:00:00,A,PPS_EU27_2020_HAB,ES,2021,20504,p
ESTAT:SDG_10_20(1.0),28/11/22 11:00:00,A,PPS_EU27_2020_HAB,EU27_2020,2000,13754,
ESTAT:SDG_10_20(1.0),28/11/22 11:00:00,A,PPS_EU27_2020_HAB,EU27_2020,2001,14524,
ESTAT:SDG_10_20(1.0),28/11/22 11:00:00,A,PPS_EU27_2020_HAB,EU27_2020,2002,14998,
ESTAT:SDG_10_20(1.0),28/11/22 11:00:00,A,PPS_EU27_2020_HAB,EU27_2020,2003,15435,
ESTAT:SDG_10_20(1.0),28/11/22 11:00:00,A,PPS_EU27_2020_HAB,EU27_2020,2004,15968,
ESTAT:SDG_10_20(1.0),28/11/22 11:00:00,A,PPS_EU27_2020_HAB,EU27_2020,2005,16552,
ESTAT:SDG_10_20(1.0),28/11/22 11:00:00,A,PPS_EU27_2020_HAB,EU27_2020,2006,17287,
ESTAT:SDG_10_20(1.0),28/11/22 11:00:00,A,PPS_EU27_2020_HAB,EU27_2020,2007,18027,
ESTAT:SDG_10_20(1.0),28/11/22 11:00:00,A,PPS_EU27_2020_HAB,EU27_2020,2008,18775,
ESTAT:SDG_10_20(1.0),28/11/22 11:00:00,A,PPS_EU27_2020_HAB,EU27_2020,2009,18603,
ESTAT:SDG_10_20(1.0),28/11/22 11:00:00,A,PPS_EU27_2020_HAB,EU27_2020,2010,18980,
ESTAT:SDG_10_20(1.0),28/11/22 11:00:00,A,PPS_EU27_2020_HAB,EU27_2020,2011,19369,
ESTAT:SDG_10_20(1.0),28/11/22 11:00:00,A,PPS_EU27_2020_HAB,EU27_2020,2012,19408,
ESTAT:SDG_10_20(1.0),28/11/22 11:00:00,A,PPS_EU27_2020_HAB,EU27_2020,2013,19543,
ESTAT:SDG_10_20(1.0),28/11/22 11:00:00,A,PPS_EU27_2020_HAB,EU27_2020,2014,19780,
ESTAT:SDG_10_20(1.0),28/11/22 11:00:00,A,PPS_EU27_2020_HAB,EU27_2020,2015,20183,
ESTAT:SDG_10_20(1.0),28/11/22 11:00:00,A,PPS_EU27_2020_HAB,EU27_2020,2016,20693,
ESTAT:SDG_10_20(1.0),28/11/22 11:00:00,A,PPS_EU27_2020_HAB,EU27_2020,2017,21337,
ESTAT:SDG_10_20(1.0),28/11/22 11:00:00,A,PPS_EU27_2020_HAB,EU27_2020,2018,22010,
ESTAT:SDG_10_20(1.0),28/11/22 11:00:00,A,PPS_EU27_2020_HAB,EU27_2020,2019,22738,
ESTAT:SDG_10_20(1.0),28/11/22 11:00:00,A,PPS_EU27_2020_HAB,EU27_2020,2020,23028,
ESTAT:SDG_10_20(1.0),28/11/22 11:00:00,A,PPS_EU27_2020_HAB,EU27_2020,2021,24243,
ESTAT:SDG_10_20(1.0),28/11/22 11:00:00,A,PPS_EU27_2020_HAB,FI,2000,13598,
ESTAT:SDG_10_20(1.0),28/11/22 11:00:00,A,PPS_EU27_2020_HAB,FI,2001,13779,
ESTAT:SDG_10_20(1.0),28/11/22 11:00:00,A,PPS_EU27_2020_HAB,FI,2002,14382,
ESTAT:SDG_10_20(1.0),28/11/22 11:00:00,A,PPS_EU27_2020_HAB,FI,2003,15031,
ESTAT:SDG_10_20(1.0),28/11/22 11:00:00,A,PPS_EU27_2020_HAB,FI,2004,16115,
ESTAT:SDG_10_20(1.0),28/11/22 11:00:00,A,PPS_EU27_2020_HAB,FI,2005,16583,
ESTAT:SDG_10_20(1.0),28/11/22 11:00:00,A,PPS_EU27_2020_HAB,FI,2006,17510,
ESTAT:SDG_10_20(1.0),28/11/22 11:00:00,A,PPS_EU27_2020_HAB,FI,2007,19084,
ESTAT:SDG_10_20(1.0),28/11/22 11:00:00,A,PPS_EU27_2020_HAB,FI,2008,20260,
ESTAT:SDG_10_20(1.0),28/11/22 11:00:00,A,PPS_EU27_2020_HAB,FI,2009,20403,
ESTAT:SDG_10_20(1.0),28/11/22 11:00:00,A,PPS_EU27_2020_HAB,FI,2010,21059,
ESTAT:SDG_10_20(1.0),28/11/22 11:00:00,A,PPS_EU27_2020_HAB,FI,2011,21654,
ESTAT:SDG_10_20(1.0),28/11/22 11:00:00,A,PPS_EU27_2020_HAB,FI,2012,21957,
ESTAT:SDG_10_20(1.0),28/11/22 11:00:00,A,PPS_EU27_2020_HAB,FI,2013,22069,
ESTAT:SDG_10_20(1.0),28/11/22 11:00:00,A,PPS_EU27_2020_HAB,FI,2014,22137,
ESTAT:SDG_10_20(1.0),28/11/22 11:00:00,A,PPS_EU27_2020_HAB,FI,2015,22592,
ESTAT:SDG_10_20(1.0),28/11/22 11:00:00,A,PPS_EU27_2020_HAB,FI,2016,22836,
ESTAT:SDG_10_20(1.0),28/11/22 11:00:00,A,PPS_EU27_2020_HAB,FI,2017,23501,
ESTAT:SDG_10_20(1.0),28/11/22 11:00:00,A,PPS_EU27_2020_HAB,FI,2018,24186,
ESTAT:SDG_10_20(1.0),28/11/22 11:00:00,A,PPS_EU27_2020_HAB,FI,2019,24696,
ESTAT:SDG_10_20(1.0),28/11/22 11:00:00,A,PPS_EU27_2020_HAB,FI,2020,24906,
ESTAT:SDG_10_20(1.0),28/11/22 11:00:00,A,PPS_EU27_2020_HAB,FI,2021,25823,
ESTAT:SDG_10_20(1.0),28/11/22 11:00:00,A,PPS_EU27_2020_HAB,FR,2000,16770,
ESTAT:SDG_10_20(1.0),28/11/22 11:00:00,A,PPS_EU27_2020_HAB,FR,2001,17844,
ESTAT:SDG_10_20(1.0),28/11/22 11:00:00,A,PPS_EU27_2020_HAB,FR,2002,18581,
ESTAT:SDG_10_20(1.0),28/11/22 11:00:00,A,PPS_EU27_2020_HAB,FR,2003,18402,
ESTAT:SDG_10_20(1.0),28/11/22 11:00:00,A,PPS_EU27_2020_HAB,FR,2004,18779,
ESTAT:SDG_10_20(1.0),28/11/22 11:00:00,A,PPS_EU27_2020_HAB,FR,2005,19657,
ESTAT:SDG_10_20(1.0),28/11/22 11:00:00,A,PPS_EU27_2020_HAB,FR,2006,20322,
ESTAT:SDG_10_20(1.0),28/11/22 11:00:00,A,PPS_EU27_2020_HAB,FR,2007,21232,
ESTAT:SDG_10_20(1.0),28/11/22 11:00:00,A,PPS_EU27_2020_HAB,FR,2008,21647,
ESTAT:SDG_10_20(1.0),28/11/22 11:00:00,A,PPS_EU27_2020_HAB,FR,2009,21600,
ESTAT:SDG_10_20(1.0),28/11/22 11:00:00,A,PPS_EU27_2020_HAB,FR,2010,22232,
ESTAT:SDG_10_20(1.0),28/11/22 11:00:00,A,PPS_EU27_2020_HAB,FR,2011,22618,
ESTAT:SDG_10_20(1.0),28/11/22 11:00:00,A,PPS_EU27_2020_HAB,FR,2012,22701,
ESTAT:SDG_10_20(1.0),28/11/22 11:00:00,A,PPS_EU27_2020_HAB,FR,2013,23018,
ESTAT:SDG_10_20(1.0),28/11/22 11:00:00,A,PPS_EU27_2020_HAB,FR,2014,23187,
ESTAT:SDG_10_20(1.0),28/11/22 11:00:00,A,PPS_EU27_2020_HAB,FR,2015,23355,
ESTAT:SDG_10_20(1.0),28/11/22 11:00:00,A,PPS_EU27_2020_HAB,FR,2016,23740,
ESTAT:SDG_10_20(1.0),28/11/22 11:00:00,A,PPS_EU27_2020_HAB,FR,2017,24163,
ESTAT:SDG_10_20(1.0),28/11/22 11:00:00,A,PPS_EU27_2020_HAB,FR,2018,24609,
ESTAT:SDG_10_20(1.0),28/11/22 11:00:00,A,PPS_EU27_2020_HAB,FR,2019,25524,p
ESTAT:SDG_10_20(1.0),28/11/22 11:00:00,A,PPS_EU27_2020_HAB,FR,2020,25926,p
ESTAT:SDG_10_20(1.0),28/11/22 11:00:00,A,PPS_EU27_2020_HAB,FR,2021,27247,p
ESTAT:SDG_10_20(1.0),28/11/22 11:00:00,A,PPS_EU27_2020_HAB,HR,2000,7530,
ESTAT:SDG_10_20(1.0),28/11/22 11:00:00,A,PPS_EU27_2020_HAB,HR,2001,7719,
ESTAT:SDG_10_20(1.0),28/11/22 11:00:00,A,PPS_EU27_2020_HAB,HR,2002,8280,
ESTAT:SDG_10_20(1.0),28/11/22 11:00:00,A,PPS_EU27_2020_HAB,HR,2003,8705,
ESTAT:SDG_10_20(1.0),28/11/22 11:00:00,A,PPS_EU27_2020_HAB,HR,2004,9135,
ESTAT:SDG_10_20(1.0),28/11/22 11:00:00,A,PPS_EU27_2020_HAB,HR,2005,9349,
ESTAT:SDG_10_20(1.0),28/11/22 11:00:00,A,PPS_EU27_2020_HAB,HR,2006,9783,
ESTAT:SDG_10_20(1.0),28/11/22 11:00:00,A,PPS_EU27_2020_HAB,HR,2007,10493,
ESTAT:SDG_10_20(1.0),28/11/22 11:00:00,A,PPS_EU27_2020_HAB,HR,2008,11088,
ESTAT:SDG_10_20(1.0),28/11/22 11:00:00,A,PPS_EU27_2020_HAB,HR,2009,11015,
ESTAT:SDG_10_20(1.0),28/11/22 11:00:00,A,PPS_EU27_2020_HAB,HR,2010,11068,
ESTAT:SDG_10_20(1.0),28/11/22 11:00:00,A,PPS_EU27_2020_HAB,HR,2011,11247,
ESTAT:SDG_10_20(1.0),28/11/22 11:00:00,A,PPS_EU27_2020_HAB,HR,2012,11245,
ESTAT:SDG_10_20(1.0),28/11/22 11:00:00,A,PPS_EU27_2020_HAB,HR,2013,11503,
ESTAT:SDG_10_20(1.0),28/11/22 11:00:00,A,PPS_EU27_2020_HAB,HR,2014,11612,
ESTAT:SDG_10_20(1.0),28/11/22 11:00:00,A,PPS_EU27_2020_HAB,HR,2015,12015,
ESTAT:SDG_10_20(1.0),28/11/22 11:00:00,A,PPS_EU27_2020_HAB,HR,2016,12640,
ESTAT:SDG_10_20(1.0),28/11/22 11:00:00,A,PPS_EU27_2020_HAB,HR,2017,13322,
ESTAT:SDG_10_20(1.0),28/11/22 11:00:00,A,PPS_EU27_2020_HAB,HR,2018,13935,
ESTAT:SDG_10_20(1.0),28/11/22 11:00:00,A,PPS_EU27_2020_HAB,HR,2019,14563,
ESTAT:SDG_10_20(1.0),28/11/22 11:00:00,A,PPS_EU27_2020_HAB,HR,2020,14690,
ESTAT:SDG_10_20(1.0),28/11/22 11:00:00,A,PPS_EU27_2020_HAB,HR,2021,16719,p
ESTAT:SDG_10_20(1.0),28/11/22 11:00:00,A,PPS_EU27_2020_HAB,HU,2000,7430,
ESTAT:SDG_10_20(1.0),28/11/22 11:00:00,A,PPS_EU27_2020_HAB,HU,2001,8049,
ESTAT:SDG_10_20(1.0),28/11/22 11:00:00,A,PPS_EU27_2020_HAB,HU,2002,8696,
ESTAT:SDG_10_20(1.0),28/11/22 11:00:00,A,PPS_EU27_2020_HAB,HU,2003,9346,
ESTAT:SDG_10_20(1.0),28/11/22 11:00:00,A,PPS_EU27_2020_HAB,HU,2004,9905,
ESTAT:SDG_10_20(1.0),28/11/22 11:00:00,A,PPS_EU27_2020_HAB,HU,2005,10574,
ESTAT:SDG_10_20(1.0),28/11/22 11:00:00,A,PPS_EU27_2020_HAB,HU,2006,10911,
ESTAT:SDG_10_20(1.0),28/11/22 11:00:00,A,PPS_EU27_2020_HAB,HU,2007,10700,
ESTAT:SDG_10_20(1.0),28/11/22 11:00:00,A,PPS_EU27_2020_HAB,HU,2008,11027,
ESTAT:SDG_10_20(1.0),28/11/22 11:00:00,A,PPS_EU27_2020_HAB,HU,2009,11038,
ESTAT:SDG_10_20(1.0),28/11/22 11:00:00,A,PPS_EU27_2020_HAB,HU,2010,11601,
ESTAT:SDG_10_20(1.0),28/11/22 11:00:00,A,PPS_EU27_2020_HAB,HU,2011,12380,
ESTAT:SDG_10_20(1.0),28/11/22 11:00:00,A,PPS_EU27_2020_HAB,HU,2012,12357,
ESTAT:SDG_10_20(1.0),28/11/22 11:00:00,A,PPS_EU27_2020_HAB,HU,2013,12609,
ESTAT:SDG_10_20(1.0),28/11/22 11:00:00,A,PPS_EU27_2020_HAB,HU,2014,12832,
ESTAT:SDG_10_20(1.0),28/11/22 11:00:00,A,PPS_EU27_2020_HAB,HU,2015,13163,
ESTAT:SDG_10_20(1.0),28/11/22 11:00:00,A,PPS_EU27_2020_HAB,HU,2016,13397,
ESTAT:SDG_10_20(1.0),28/11/22 11:00:00,A,PPS_EU27_2020_HAB,HU,2017,13935,
ESTAT:SDG_10_20(1.0),28/11/22 11:00:00,A,PPS_EU27_2020_HAB,HU,2018,14986,
ESTAT:SDG_10_20(1.0),28/11/22 11:00:00,A,PPS_EU27_2020_HAB,HU,2019,15741,
ESTAT:SDG_10_20(1.0),28/11/22 11:00:00,A,PPS_EU27_2020_HAB,HU,2020,15760,p
ESTAT:SDG_10_20(1.0),28/11/22 11:00:00,A,PPS_EU27_2020_HAB,HU,2021,17335,p
ESTAT:SDG_10_20(1.0),28/11/22 11:00:00,A,PPS_EU27_2020_HAB,IE,2000,13857,
ESTAT:SDG_10_20(1.0),28/11/22 11:00:00,A,PPS_EU27_2020_HAB,IE,2001,15247,
ESTAT:SDG_10_20(1.0),28/11/22 11:00:00,A,PPS_EU27_2020_HAB,IE,2002,15643,
ESTAT:SDG_10_20(1.0),28/11/22 11:00:00,A,PPS_EU27_2020_HAB,IE,2003,16443,
ESTAT:SDG_10_20(1.0),28/11/22 11:00:00,A,PPS_EU27_2020_HAB,IE,2004,17344,
ESTAT:SDG_10_20(1.0),28/11/22 11:00:00,A,PPS_EU27_2020_HAB,IE,2005,18658,
ESTAT:SDG_10_20(1.0),28/11/22 11:00:00,A,PPS_EU27_2020_HAB,IE,2006,19421,
ESTAT:SDG_10_20(1.0),28/11/22 11:00:00,A,PPS_EU27_2020_HAB,IE,2007,20002,
ESTAT:SDG_10_20(1.0),28/11/22 11:00:00,A,PPS_EU27_2020_HAB,IE,2008,20372,
ESTAT:SDG_10_20(1.0),28/11/22 11:00:00,A,PPS_EU27_2020_HAB,IE,2009,19267,
ESTAT:SDG_10_20(1.0),28/11/22 11:00:00,A,PPS_EU27_2020_HAB,IE,2010,19552,
ESTAT:SDG_10_20(1.0),28/11/22 11:00:00,A,PPS_EU27_2020_HAB,IE,2011,18718,
ESTAT:SDG_10_20(1.0),28/11/22 11:00:00,A,PPS_EU27_2020_HAB,IE,2012,18957,
ESTAT:SDG_10_20(1.0),28/11/22 11:00:00,A,PPS_EU27_2020_HAB,IE,2013,18366,
ESTAT:SDG_10_20(1.0),28/11/22 11:00:00,A,PPS_EU27_2020_HAB,IE,2014,18078,
ESTAT:SDG_10_20(1.0),28/11/22 11:00:00,A,PPS_EU27_2020_HAB,IE,2015,18748,
ESTAT:SDG_10_20(1.0),28/11/22 11:00:00,A,PPS_EU27_2020_HAB,IE,2016,19183,
ESTAT:SDG_10_20(1.0),28/11/22 11:00:00,A,PPS_EU27_2020_HAB,IE,2017,19900,
ESTAT:SDG_10_20(1.0),28/11/22 11:00:00,A,PPS_EU27_2020_HAB,IE,2018,20359,
ESTAT:SDG_10_20(1.0),28/11/22 11:00:00,A,PPS_EU27_2020_HAB,IE,2019,21192,
ESTAT:SDG_10_20(1.0),28/11/22 11:00:00,A,PPS_EU27_2020_HAB,IE,2020,21945,
ESTAT:SDG_10_20(1.0),28/11/22 11:00:00,A,PPS_EU27_2020_HAB,IE,2021,23433,
ESTAT:SDG_10_20(1.0),28/11/22 11:00:00,A,PPS_EU27_2020_HAB,IS,2000,13991,
ESTAT:SDG_10_20(1.0),28/11/22 11:00:00,A,PPS_EU27_2020_HAB,IS,2001,14265,
ESTAT:SDG_10_20(1.0),28/11/22 11:00:00,A,PPS_EU27_2020_HAB,IS,2002,15016,
ESTAT:SDG_10_20(1.0),28/11/22 11:00:00,A,PPS_EU27_2020_HAB,IS,2003,15879,
ESTAT:SDG_10_20(1.0),28/11/22 11:00:00,A,PPS_EU27_2020_HAB,IS,2004,17000,
ESTAT:SDG_10_20(1.0),28/11/22 11:00:00,A,PPS_EU27_2020_HAB,IS,2005,18237,
ESTAT:SDG_10_20(1.0),28/11/22 11:00:00,A,PPS_EU27_2020_HAB,IS,2006,19519,
ESTAT:SDG_10_20(1.0),28/11/22 11:00:00,A,PPS_EU27_2020_HAB,IS,2007,21902,
ESTAT:SDG_10_20(1.0),28/11/22 11:00:00,A,PPS_EU27_2020_HAB,IS,2008,22169,
ESTAT:SDG_10_20(1.0),28/11/22 11:00:00,A,PPS_EU27_2020_HAB,IS,2009,19280,
ESTAT:SDG_10_20(1.0),28/11/22 11:00:00,A,PPS_EU27_2020_HAB,IS,2010,16619,
ESTAT:SDG_10_20(1.0),28/11/22 11:00:00,A,PPS_EU27_2020_HAB,IS,2011,17635,
ESTAT:SDG_10_20(1.0),28/11/22 11:00:00,A,PPS_EU27_2020_HAB,IS,2012,18343,
ESTAT:SDG_10_20(1.0),28/11/22 11:00:00,A,PPS_EU27_2020_HAB,IS,2013,18386,
ESTAT:SDG_10_20(1.0),28/11/22 11:00:00,A,PPS_EU27_2020_HAB,IS,2014,19033,
ESTAT:SDG_10_20(1.0),28/11/22 11:00:00,A,PPS_EU27_2020_HAB,IT,2000,16771,
ESTAT:SDG_10_20(1.0),28/11/22 11:00:00,A,PPS_EU27_2020_HAB,IT,2001,17367,
ESTAT:SDG_10_20(1.0),28/11/22 11:00:00,A,PPS_EU27_2020_HAB,IT,2002,17673,
ESTAT:SDG_10_20(1.0),28/11/22 11:00:00,A,PPS_EU27_2020_HAB,IT,2003,18173,
ESTAT:SDG_10_20(1.0),28/11/22 11:00:00,A,PPS_EU27_2020_HAB,IT,2004,18513,
ESTAT:SDG_10_20(1.0),28/11/22 11:00:00,A,PPS_EU27_2020_HAB,IT,2005,19028,
ESTAT:SDG_10_20(1.0),28/11/22 11:00:00,A,PPS_EU27_2020_HAB,IT,2006,19839,
ESTAT:SDG_10_20(1.0),28/11/22 11:00:00,A,PPS_EU27_2020_HAB,IT,2007,20605,
ESTAT:SDG_10_20(1.0),28/11/22 11:00:00,A,PPS_EU27_2020_HAB,IT,2008,21274,
ESTAT:SDG_10_20(1.0),28/11/22 11:00:00,A,PPS_EU27_2020_HAB,IT,2009,20579,
ESTAT:SDG_10_20(1.0),28/11/22 11:00:00,A,PPS_EU27_2020_HAB,IT,2010,21015,
ESTAT:SDG_10_20(1.0),28/11/22 11:00:00,A,PPS_EU27_2020_HAB,IT,2011,21118,
ESTAT:SDG_10_20(1.0),28/11/22 11:00:00,A,PPS_EU27_2020_HAB,IT,2012,20345,
ESTAT:SDG_10_20(1.0),28/11/22 11:00:00,A,PPS_EU27_2020_HAB,IT,2013,20192,
ESTAT:SDG_10_20(1.0),28/11/22 11:00:00,A,PPS_EU27_2020_HAB,IT,2014,20023,
ESTAT:SDG_10_20(1.0),28/11/22 11:00:00,A,PPS_EU27_2020_HAB,IT,2015,20294,
ESTAT:SDG_10_20(1.0),28/11/22 11:00:00,A,PPS_EU27_2020_HAB,IT,2016,20856,
ESTAT:SDG_10_20(1.0),28/11/22 11:00:00,A,PPS_EU27_2020_HAB,IT,2017,21429,
ESTAT:SDG_10_20(1.0),28/11/22 11:00:00,A,PPS_EU27_2020_HAB,IT,2018,21950,
ESTAT:SDG_10_20(1.0),28/11/22 11:00:00,A,PPS_EU27_2020_HAB,IT,2019,22428,
ESTAT:SDG_10_20(1.0),28/11/22 11:00:00,A,PPS_EU27_2020_HAB,IT,2020,22229,
ESTAT:SDG_10_20(1.0),28/11/22 11:00:00,A,PPS_EU27_2020_HAB,IT,2021,23348,
ESTAT:SDG_10_20(1.0),28/11/22 11:00:00,A,PPS_EU27_2020_HAB,LT,2000,5868,
ESTAT:SDG_10_20(1.0),28/11/22 11:00:00,A,PPS_EU27_2020_HAB,LT,2001,6269,
ESTAT:SDG_10_20(1.0),28/11/22 11:00:00,A,PPS_EU27_2020_HAB,LT,2002,6899,
ESTAT:SDG_10_20(1.0),28/11/22 11:00:00,A,PPS_EU27_2020_HAB,LT,2003,7817,
ESTAT:SDG_10_20(1.0),28/11/22 11:00:00,A,PPS_EU27_2020_HAB,LT,2004,8993,
ESTAT:SDG_10_20(1.0),28/11/22 11:00:00,A,PPS_EU27_2020_HAB,LT,2005,9568,
ESTAT:SDG_10_20(1.0),28/11/22 11:00:00,A,PPS_EU27_2020_HAB,LT,2006,10533,
ESTAT:SDG_10_20(1.0),28/11/22 11:00:00,A,PPS_EU27_2020_HAB,LT,2007,10981,
ESTAT:SDG_10_20(1.0),28/11/22 11:00:00,A,PPS_EU27_2020_HAB,LT,2008,12340,
ESTAT:SDG_10_20(1.0),28/11/22 11:00:00,A,PPS_EU27_2020_HAB,LT,2009,11653,
ESTAT:SDG_10_20(1.0),28/11/22 11:00:00,A,PPS_EU27_2020_HAB,LT,2010,12352,
ESTAT:SDG_10_20(1.0),28/11/22 11:00:00,A,PPS_EU27_2020_HAB,LT,2011,13144,
ESTAT:SDG_10_20(1.0),28/11/22 11:00:00,A,PPS_EU27_2020_HAB,LT,2012,13704,
ESTAT:SDG_10_20(1.0),28/11/22 11:00:00,A,PPS_EU27_2020_HAB,LT,2013,14473,
ESTAT:SDG_10_20(1.0),28/11/22 11:00:00,A,PPS_EU27_2020_HAB,LT,2014,14873,
ESTAT:SDG_10_20(1.0),28/11/22 11:00:00,A,PPS_EU27_2020_HAB,LT,2015,15516,
ESTAT:SDG_10_20(1.0),28/11/22 11:00:00,A,PPS_EU27_2020_HAB,LT,2016,16480,
ESTAT:SDG_10_20(1.0),28/11/22 11:00:00,A,PPS_EU27_2020_HAB,LT,2017,17226,
ESTAT:SDG_10_20(1.0),28/11/22 11:00:00,A,PPS_EU27_2020_HAB,LT,2018,18002,
ESTAT:SDG_10_20(1.0),28/11/22 11:00:00,A,PPS_EU27_2020_HAB,LT,2019,19455,
ESTAT:SDG_10_20(1.0),28/11/22 11:00:00,A,PPS_EU27_2020_HAB,LT,2020,20522,
ESTAT:SDG_10_20(1.0),28/11/22 11:00:00,A,PPS_EU27_2020_HAB,LT,2021,20999,
ESTAT:SDG_10_20(1.0),28/11/22 11:00:00,A,PPS_EU27_2020_HAB,LU,2000,23352,
ESTAT:SDG_10_20(1.0),28/11/22 11:00:00,A,PPS_EU27_2020_HAB,LU,2001,24277,
ESTAT:SDG_10_20(1.0),28/11/22 11:00:00,A,PPS_EU27_2020_HAB,LU,2002,26259,
ESTAT:SDG_10_20(1.0),28/11/22 11:00:00,A,PPS_EU27_2020_HAB,LU,2003,26790,
ESTAT:SDG_10_20(1.0),28/11/22 11:00:00,A,PPS_EU27_2020_HAB,LU,2004,26705,
ESTAT:SDG_10_20(1.0),28/11/22 11:00:00,A,PPS_EU27_2020_HAB,LU,2005,27303,
ESTAT:SDG_10_20(1.0),28/11/22 11:00:00,A,PPS_EU27_2020_HAB,LU,2006,28692,
ESTAT:SDG_10_20(1.0),28/11/22 11:00:00,A,PPS_EU27_2020_HAB,LU,2007,29035,
ESTAT:SDG_10_20(1.0),28/11/22 11:00:00,A,PPS_EU27_2020_HAB,LU,2008,30183,
ESTAT:SDG_10_20(1.0),28/11/22 11:00:00,A,PPS_EU27_2020_HAB,LU,2009,29812,
ESTAT:SDG_10_20(1.0),28/11/22 11:00:00,A,PPS_EU27_2020_HAB,LU,2010,28893,
ESTAT:SDG_10_20(1.0),28/11/22 11:00:00,A,PPS_EU27_2020_HAB,LU,2011,29831,
ESTAT:SDG_10_20(1.0),28/11/22 11:00:00,A,PPS_EU27_2020_HAB,LU,2012,30394,
ESTAT:SDG_10_20(1.0),28/11/22 11:00:00,A,PPS_EU27_2020_HAB,LU,2013,31829,
ESTAT:SDG_10_20(1.0),28/11/22 11:00:00,A,PPS_EU27_2020_HAB,LU,2014,31660,
ESTAT:SDG_10_20(1.0),28/11/22 11:00:00,A,PPS_EU27_2020_HAB,LU,2015,31839,
ESTAT:SDG_10_20(1.0),28/11/22 11:00:00,A,PPS_EU27_2020_HAB,LU,2016,31491,
ESTAT:SDG_10_20(1.0),28/11/22 11:00:00,A,PPS_EU27_2020_HAB,LU,2017,32766,
ESTAT:SDG_10_20(1.0),28/11/22 11:00:00,A,PPS_EU27_2020_HAB,LU,2018,34034,
ESTAT:SDG_10_20(1.0),28/11/22 11:00:00,A,PPS_EU27_2020_HAB,LU,2019,34674,
ESTAT:SDG_10_20(1.0),28/11/22 11:00:00,A,PPS_EU27_2020_HAB,LU,2020,35274,
ESTAT:SDG_10_20(1.0),28/11/22 11:00:00,A,PPS_EU27_2020_HAB,LU,2021,36319,p
ESTAT:SDG_10_20(1.0),28/11/22 11:00:00,A,PPS_EU27_2020_HAB,LV,2000,4905,
ESTAT:SDG_10_20(1.0),28/11/22 11:00:00,A,PPS_EU27_2020_HAB,LV,2001,5360,
ESTAT:SDG_10_20(1.0),28/11/22 11:00:00,A,PPS_EU27_2020_HAB,LV,2002,6010,
ESTAT:SDG_10_20(1.0),28/11/22 11:00:00,A,PPS_EU27_2020_HAB,LV,2003,6571,
ESTAT:SDG_10_20(1.0),28/11/22 11:00:00,A,PPS_EU27_2020_HAB,LV,2004,7294,
ESTAT:SDG_10_20(1.0),28/11/22 11:00:00,A,PPS_EU27_2020_HAB,LV,2005,8205,
ESTAT:SDG_10_20(1.0),28/11/22 11:00:00,A,PPS_EU27_2020_HAB,LV,2006,9363,
ESTAT:SDG_10_20(1.0),28/11/22 11:00:00,A,PPS_EU27_2020_HAB,LV,2007,10412,
ESTAT:SDG_10_20(1.0),28/11/22 11:00:00,A,PPS_EU27_2020_HAB,LV,2008,11450,
ESTAT:SDG_10_20(1.0),28/11/22 11:00:00,A,PPS_EU27_2020_HAB,LV,2009,9904,
ESTAT:SDG_10_20(1.0),28/11/22 11:00:00,A,PPS_EU27_2020_HAB,LV,2010,10140,
ESTAT:SDG_10_20(1.0),28/11/22 11:00:00,A,PPS_EU27_2020_HAB,LV,2011,10054,
ESTAT:SDG_10_20(1.0),28/11/22 11:00:00,A,PPS_EU27_2020_HAB,LV,2012,10807,
ESTAT:SDG_10_20(1.0),28/11/22 11:00:00,A,PPS_EU27_2020_HAB,LV,2013,11258,
ESTAT:SDG_10_20(1.0),28/11/22 11:00:00,A,PPS_EU27_2020_HAB,LV,2014,11869,
ESTAT:SDG_10_20(1.0),28/11/22 11:00:00,A,PPS_EU27_2020_HAB,LV,2015,12706,
ESTAT:SDG_10_20(1.0),28/11/22 11:00:00,A,PPS_EU27_2020_HAB,LV,2016,13281,
ESTAT:SDG_10_20(1.0),28/11/22 11:00:00,A,PPS_EU27_2020_HAB,LV,2017,14038,
ESTAT:SDG_10_20(1.0),28/11/22 11:00:00,A,PPS_EU27_2020_HAB,LV,2018,14829,
ESTAT:SDG_10_20(1.0),28/11/22 11:00:00,A,PPS_EU27_2020_HAB,LV,2019,15453,
ESTAT:SDG_10_20(1.0),28/11/22 11:00:00,A,PPS_EU27_2020_HAB,LV,2020,15875,
ESTAT:SDG_10_20(1.0),28/11/22 11:00:00,A,PPS_EU27_2020_HAB,LV,2021,17880,
ESTAT:SDG_10_20(1.0),28/11/22 11:00:00,A,PPS_EU27_2020_HAB,NL,2000,17583,
ESTAT:SDG_10_20(1.0),28/11/22 11:00:00,A,PPS_EU27_2020_HAB,NL,2001,18779,
ESTAT:SDG_10_20(1.0),28/11/22 11:00:00,A,PPS_EU27_2020_HAB,NL,2002,19466,
ESTAT:SDG_10_20(1.0),28/11/22 11:00:00,A,PPS_EU27_2020_HAB,NL,2003,19113,
ESTAT:SDG_10_20(1.0),28/11/22 11:00:00,A,PPS_EU27_2020_HAB,NL,2004,19752,
ESTAT:SDG_10_20(1.0),28/11/22 11:00:00,A,PPS_EU27_2020_HAB,NL,2005,20391,
ESTAT:SDG_10_20(1.0),28/11/22 11:00:00,A,PPS_EU27_2020_HAB,NL,2006,21861,
ESTAT:SDG_10_20(1.0),28/11/22 11:00:00,A,PPS_EU27_2020_HAB,NL,2007,22958,
ESTAT:SDG_10_20(1.0),28/11/22 11:00:00,A,PPS_EU27_2020_HAB,NL,2008,23697,
ESTAT:SDG_10_20(1.0),28/11/22 11:00:00,A,PPS_EU27_2020_HAB,NL,2009,23336,
ESTAT:SDG_10_20(1.0),28/11/22 11:00:00,A,PPS_EU27_2020_HAB,NL,2010,22820,
ESTAT:SDG_10_20(1.0),28/11/22 11:00:00,A,PPS_EU27_2020_HAB,NL,2011,23076,
ESTAT:SDG_10_20(1.0),28/11/22 11:00:00,A,PPS_EU27_2020_HAB,NL,2012,23227,
ESTAT:SDG_10_20(1.0),28/11/22 11:00:00,A,PPS_EU27_2020_HAB,NL,2013,23236,
ESTAT:SDG_10_20(1.0),28/11/22 11:00:00,A,PPS_EU27_2020_HAB,NL,2014,23359,
ESTAT:SDG_10_20(1.0),28/11/22 11:00:00,A,PPS_EU27_2020_HAB,NL,2015,23577,
ESTAT:SDG_10_20(1.0),28/11/22 11:00:00,A,PPS_EU27_2020_HAB,NL,2016,23533,
ESTAT:SDG_10_20(1.0),28/11/22 11:00:00,A,PPS_EU27_2020_HAB,NL,2017,24207,
ESTAT:SDG_10_20(1.0),28/11/22 11:00:00,A,PPS_EU27_2020_HAB,NL,2018,25294,
ESTAT:SDG_10_20(1.0),28/11/22 11:00:00,A,PPS_EU27_2020_HAB,NL,2019,26279,
ESTAT:SDG_10_20(1.0),28/11/22 11:00:00,A,PPS_EU27_2020_HAB,NL,2020,27108,p
ESTAT:SDG_10_20(1.0),28/11/22 11:00:00,A,PPS_EU27_2020_HAB,NL,2021,28700,p
ESTAT:SDG_10_20(1.0),28/11/22 11:00:00,A,PPS_EU27_2020_HAB,NO,2000,16111,
ESTAT:SDG_10_20(1.0),28/11/22 11:00:00,A,PPS_EU27_2020_HAB,NO,2001,16284,
ESTAT:SDG_10_20(1.0),28/11/22 11:00:00,A,PPS_EU27_2020_HAB,NO,2002,17728,
ESTAT:SDG_10_20(1.0),28/11/22 11:00:00,A,PPS_EU27_2020_HAB,NO,2003,18700,
ESTAT:SDG_10_20(1.0),28/11/22 11:00:00,A,PPS_EU27_2020_HAB,NO,2004,19648,
ESTAT:SDG_10_20(1.0),28/11/22 11:00:00,A,PPS_EU27_2020_HAB,NO,2005,21289,
ESTAT:SDG_10_20(1.0),28/11/22 11:00:00,A,PPS_EU27_2020_HAB,NO,2006,20826,
ESTAT:SDG_10_20(1.0),28/11/22 11:00:00,A,PPS_EU27_2020_HAB,NO,2007,22396,
ESTAT:SDG_10_20(1.0),28/11/22 11:00:00,A,PPS_EU27_2020_HAB,NO,2008,23218,
ESTAT:SDG_10_20(1.0),28/11/22 11:00:00,A,PPS_EU27_2020_HAB,NO,2009,23625,
ESTAT:SDG_10_20(1.0),28/11/22 11:00:00,A,PPS_EU27_2020_HAB,NO,2010,23845,
ESTAT:SDG_10_20(1.0),28/11/22 11:00:00,A,PPS_EU27_2020_HAB,NO,2011,24542,
ESTAT:SDG_10_20(1.0),28/11/22 11:00:00,A,PPS_EU27_2020_HAB,NO,2012,25210,
ESTAT:SDG_10_20(1.0),28/11/22 11:00:00,A,PPS_EU27_2020_HAB,NO,2013,26198,
ESTAT:SDG_10_20(1.0),28/11/22 11:00:00,A,PPS_EU27_2020_HAB,NO,2014,26657,
ESTAT:SDG_10_20(1.0),28/11/22 11:00:00,A,PPS_EU27_2020_HAB,NO,2015,26667,
ESTAT:SDG_10_20(1.0),28/11/22 11:00:00,A,PPS_EU27_2020_HAB,NO,2016,26130,
ESTAT:SDG_10_20(1.0),28/11/22 11:00:00,A,PPS_EU27_2020_HAB,NO,2017,27616,
ESTAT:SDG_10_20(1.0),28/11/22 11:00:00,A,PPS_EU27_2020_HAB,NO,2018,28215,
ESTAT:SDG_10_20(1.0),28/11/22 11:00:00,A,PPS_EU27_2020_HAB,NO,2019,28378,
ESTAT:SDG_10_20(1.0),28/11/22 11:00:00,A,PPS_EU27_2020_HAB,NO,2020,28305,
ESTAT:SDG_10_20(1.0),28/11/22 11:00:00,A,PPS_EU27_2020_HAB,NO,2021,30073,
ESTAT:SDG_10_20(1.0),28/11/22 11:00:00,A,PPS_EU27_2020_HAB,PL,2000,7361,
ESTAT:SDG_10_20(1.0),28/11/22 11:00:00,A,PPS_EU27_2020_HAB,PL,2001,7804,
ESTAT:SDG_10_20(1.0),28/11/22 11:00:00,A,PPS_EU27_2020_HAB,PL,2002,8084,
ESTAT:SDG_10_20(1.0),28/11/22 11:00:00,A,PPS_EU27_2020_HAB,PL,2003,8301,
ESTAT:SDG_10_20(1.0),28/11/22 11:00:00,A,PPS_EU27_2020_HAB,PL,2004,8500,
ESTAT:SDG_10_20(1.0),28/11/22 11:00:00,A,PPS_EU27_2020_HAB,PL,2005,8539,
ESTAT:SDG_10_20(1.0),28/11/22 11:00:00,A,PPS_EU27_2020_HAB,PL,2006,9092,
ESTAT:SDG_10_20(1.0),28/11/22 11:00:00,A,PPS_EU27_2020_HAB,PL,2007,10052,
ESTAT:SDG_10_20(1.0),28/11/22 11:00:00,A,PPS_EU27_2020_HAB,PL,2008,10731,
ESTAT:SDG_10_20(1.0),28/11/22 11:00:00,A,PPS_EU27_2020_HAB,PL,2009,11169,
ESTAT:SDG_10_20(1.0),28/11/22 11:00:00,A,PPS_EU27_2020_HAB,PL,2010,12351,
ESTAT:SDG_10_20(1.0),28/11/22 11:00:00,A,PPS_EU27_2020_HAB,PL,2011,12893,
ESTAT:SDG_10_20(1.0),28/11/22 11:00:00,A,PPS_EU27_2020_HAB,PL,2012,13488,
ESTAT:SDG_10_20(1.0),28/11/22 11:00:00,A,PPS_EU27_2020_HAB,PL,2013,13576,
ESTAT:SDG_10_20(1.0),28/11/22 11:00:00,A,PPS_EU27_2020_HAB,PL,2014,14111,
ESTAT:SDG_10_20(1.0),28/11/22 11:00:00,A,PPS_EU27_2020_HAB,PL,2015,14618,
ESTAT:SDG_10_20(1.0),28/11/22 11:00:00,A,PPS_EU27_2020_HAB,PL,2016,15093,
ESTAT:SDG_10_20(1.0),28/11/22 11:00:00,A,PPS_EU27_2020_HAB,PL,2017,15541,
ESTAT:SDG_10_20(1.0),28/11/22 11:00:00,A,PPS_EU27_2020_HAB,PL,2018,16166,
ESTAT:SDG_10_20(1.0),28/11/22 11:00:00,A,PPS_EU27_2020_HAB,PL,2019,16933,
ESTAT:SDG_10_20(1.0),28/11/22 11:00:00,A,PPS_EU27_2020_HAB,PL,2020,17828,
ESTAT:SDG_10_20(1.0),28/11/22 11:00:00,A,PPS_EU27_2020_HAB,PL,2021,17940,
ESTAT:SDG_10_20(1.0),28/11/22 11:00:00,A,PPS_EU27_2020_HAB,PT,2000,12553,
ESTAT:SDG_10_20(1.0),28/11/22 11:00:00,A,PPS_EU27_2020_HAB,PT,2001,12976,
ESTAT:SDG_10_20(1.0),28/11/22 11:00:00,A,PPS_EU27_2020_HAB,PT,2002,13254,
ESTAT:SDG_10_20(1.0),28/11/22 11:00:00,A,PPS_EU27_2020_HAB,PT,2003,13725,
ESTAT:SDG_10_20(1.0),28/11/22 11:00:00,A,PPS_EU27_2020_HAB,PT,2004,14109,
ESTAT:SDG_10_20(1.0),28/11/22 11:00:00,A,PPS_EU27_2020_HAB,PT,2005,14993,
ESTAT:SDG_10_20(1.0),28/11/22 11:00:00,A,PPS_EU27_2020_HAB,PT,2006,15487,
ESTAT:SDG_10_20(1.0),28/11/22 11:00:00,A,PPS_EU27_2020_HAB,PT,2007,15767,
ESTAT:SDG_10_20(1.0),28/11/22 11:00:00,A,PPS_EU27_2020_HAB,PT,2008,16348,
ESTAT:SDG_10_20(1.0),28/11/22 11:00:00,A,PPS_EU27_2020_HAB,PT,2009,16315,
ESTAT:SDG_10_20(1.0),28/11/22 11:00:00,A,PPS_EU27_2020_HAB,PT,2010,16418,
ESTAT:SDG_10_20(1.0),28/11/22 11:00:00,A,PPS_EU27_2020_HAB,PT,2011,15895,
ESTAT:SDG_10_20(1.0),28/11/22 11:00:00,A,PPS_EU27_2020_HAB,PT,2012,15646,
ESTAT:SDG_10_20(1.0),28/11/22 11:00:00,A,PPS_EU27_2020_HAB,PT,2013,16014,
ESTAT:SDG_10_20(1.0),28/11/22 11:00:00,A,PPS_EU27_2020_HAB,PT,2014,15974,
ESTAT:SDG_10_20(1.0),28/11/22 11:00:00,A,PPS_EU27_2020_HAB,PT,2015,16571,
ESTAT:SDG_10_20(1.0),28/11/22 11:00:00,A,PPS_EU27_2020_HAB,PT,2016,16944,
ESTAT:SDG_10_20(1.0),28/11/22 11:00:00,A,PPS_EU27_2020_HAB,PT,2017,17256,
ESTAT:SDG_10_20(1.0),28/11/22 11:00:00,A,PPS_EU27_2020_HAB,PT,2018,18172,
ESTAT:SDG_10_20(1.0),28/11/22 11:00:00,A,PPS_EU27_2020_HAB,PT,2019,18855,
ESTAT:SDG_10_20(1.0),28/11/22 11:00:00,A,PPS_EU27_2020_HAB,PT,2020,18506,
ESTAT:SDG_10_20(1.0),28/11/22 11:00:00,A,PPS_EU27_2020_HAB,PT,2021,19282,p
ESTAT:SDG_10_20(1.0),28/11/22 11:00:00,A,PPS_EU27_2020_HAB,RS,2015,8903,p
ESTAT:SDG_10_20(1.0),28/11/22 11:00:00,A,PPS_EU27_2020_HAB,RS,2016,8811,p
ESTAT:SDG_10_20(1.0),28/11/22 11:00:00,A,PPS_EU27_2020_HAB,RS,2017,8937,p
ESTAT:SDG_10_20(1.0),28/11/22 11:00:00,A,PPS_EU27_2020_HAB,RS,2018,9884,p
ESTAT:SDG_10_20(1.0),28/11/22 11:00:00,A,PPS_EU27_2020_HAB,RS,2019,10307,p
ESTAT:SDG_10_20(1.0),28/11/22 11:00:00,A,PPS_EU27_2020_HAB,RS,2020,10443,p
ESTAT:SDG_10_20(1.0),28/11/22 11:00:00,A,PPS_EU27_2020_HAB,SE,2000,14679,
ESTAT:SDG_10_20(1.0),28/11/22 11:00:00,A,PPS_EU27_2020_HAB,SE,2001,15473,
ESTAT:SDG_10_20(1.0),28/11/22 11:00:00,A,PPS_EU27_2020_HAB,SE,2002,16094,
ESTAT:SDG_10_20(1.0),28/11/22 11:00:00,A,PPS_EU27_2020_HAB,SE,2003,16449,
ESTAT:SDG_10_20(1.0),28/11/22 11:00:00,A,PPS_EU27_2020_HAB,SE,2004,16880,
ESTAT:SDG_10_20(1.0),28/11/22 11:00:00,A,PPS_EU27_2020_HAB,SE,2005,17528,
ESTAT:SDG_10_20(1.0),28/11/22 11:00:00,A,PPS_EU27_2020_HAB,SE,2006,18791,
ESTAT:SDG_10_20(1.0),28/11/22 11:00:00,A,PPS_EU27_2020_HAB,SE,2007,20246,
ESTAT:SDG_10_20(1.0),28/11/22 11:00:00,A,PPS_EU27_2020_HAB,SE,2008,21290,
ESTAT:SDG_10_20(1.0),28/11/22 11:00:00,A,PPS_EU27_2020_HAB,SE,2009,21126,
ESTAT:SDG_10_20(1.0),28/11/22 11:00:00,A,PPS_EU27_2020_HAB,SE,2010,21191,
ESTAT:SDG_10_20(1.0),28/11/22 11:00:00,A,PPS_EU27_2020_HAB,SE,2011,21992,
ESTAT:SDG_10_20(1.0),28/11/22 11:00:00,A,PPS_EU27_2020_HAB,SE,2012,22848,
ESTAT:SDG_10_20(1.0),28/11/22 11:00:00,A,PPS_EU27_2020_HAB,SE,2013,22473,
ESTAT:SDG_10_20(1.0),28/11/22 11:00:00,A,PPS_EU27_2020_HAB,SE,2014,22757,
ESTAT:SDG_10_20(1.0),28/11/22 11:00:00,A,PPS_EU27_2020_HAB,SE,2015,23237,
ESTAT:SDG_10_20(1.0),28/11/22 11:00:00,A,PPS_EU27_2020_HAB,SE,2016,23287,
ESTAT:SDG_10_20(1.0),28/11/22 11:00:00,A,PPS_EU27_2020_HAB,SE,2017,23502,
ESTAT:SDG_10_20(1.0),28/11/22 11:00:00,A,PPS_EU27_2020_HAB,SE,2018,23829,
ESTAT:SDG_10_20(1.0),28/11/22 11:00:00,A,PPS_EU27_2020_HAB,SE,2019,24159,
ESTAT:SDG_10_20(1.0),28/11/22 11:00:00,A,PPS_EU27_2020_HAB,SE,2020,24524,
ESTAT:SDG_10_20(1.0),28/11/22 11:00:00,A,PPS_EU27_2020_HAB,SE,2021,25680,
ESTAT:SDG_10_20(1.0),28/11/22 11:00:00,A,PPS_EU27_2020_HAB,SI,2000,11337,
ESTAT:SDG_10_20(1.0),28/11/22 11:00:00,A,PPS_EU27_2020_HAB,SI,2001,11942,
ESTAT:SDG_10_20(1.0),28/11/22 11:00:00,A,PPS_EU27_2020_HAB,SI,2002,12575,
ESTAT:SDG_10_20(1.0),28/11/22 11:00:00,A,PPS_EU27_2020_HAB,SI,2003,12800,
ESTAT:SDG_10_20(1.0),28/11/22 11:00:00,A,PPS_EU27_2020_HAB,SI,2004,13328,
ESTAT:SDG_10_20(1.0),28/11/22 11:00:00,A,PPS_EU27_2020_HAB,SI,2005,14061,
ESTAT:SDG_10_20(1.0),28/11/22 11:00:00,A,PPS_EU27_2020_HAB,SI,2006,14563,
ESTAT:SDG_10_20(1.0),28/11/22 11:00:00,A,PPS_EU27_2020_HAB,SI,2007,15215,
ESTAT:SDG_10_20(1.0),28/11/22 11:00:00,A,PPS_EU27_2020_HAB,SI,2008,16135,b
ESTAT:SDG_10_20(1.0),28/11/22 11:00:00,A,PPS_EU27_2020_HAB,SI,2009,15384,
ESTAT:SDG_10_20(1.0),28/11/22 11:00:00,A,PPS_EU27_2020_HAB,SI,2010,15636,
ESTAT:SDG_10_20(1.0),28/11/22 11:00:00,A,PPS_EU27_2020_HAB,SI,2011,16039,
ESTAT:SDG_10_20(1.0),28/11/22 11:00:00,A,PPS_EU27_2020_HAB,SI,2012,15772,
ESTAT:SDG_10_20(1.0),28/11/22 11:00:00,A,PPS_EU27_2020_HAB,SI,2013,15672,
ESTAT:SDG_10_20(1.0),28/11/22 11:00:00,A,PPS_EU27_2020_HAB,SI,2014,15700,
ESTAT:SDG_10_20(1.0),28/11/22 11:00:00,A,PPS_EU27_2020_HAB,SI,2015,16001,
ESTAT:SDG_10_20(1.0),28/11/22 11:00:00,A,PPS_EU27_2020_HAB,SI,2016,16549,
ESTAT:SDG_10_20(1.0),28/11/22 11:00:00,A,PPS_EU27_2020_HAB,SI,2017,17367,
ESTAT:SDG_10_20(1.0),28/11/22 11:00:00,A,PPS_EU27_2020_HAB,SI,2018,18234,
ESTAT:SDG_10_20(1.0),28/11/22 11:00:00,A,PPS_EU27_2020_HAB,SI,2019,19130,
ESTAT:SDG_10_20(1.0),28/11/22 11:00:00,A,PPS_EU27_2020_HAB,SI,2020,19772,
ESTAT:SDG_10_20(1.0),28/11/22 11:00:00,A,PPS_EU27_2020_HAB,SI,2021,21183,
ESTAT:SDG_10_20(1.0),28/11/22 11:00:00,A,PPS_EU27_2020_HAB,SK,2000,7156,
ESTAT:SDG_10_20(1.0),28/11/22 11:00:00,A,PPS_EU27_2020_HAB,SK,2001,7809,
ESTAT:SDG_10_20(1.0),28/11/22 11:00:00,A,PPS_EU27_2020_HAB,SK,2002,8292,
ESTAT:SDG_10_20(1.0),28/11/22 11:00:00,A,PPS_EU27_2020_HAB,SK,2003,8291,
ESTAT:SDG_10_20(1.0),28/11/22 11:00:00,A,PPS_EU27_2020_HAB,SK,2004,8836,
ESTAT:SDG_10_20(1.0),28/11/22 11:00:00,A,PPS_EU27_2020_HAB,SK,2005,9346,
ESTAT:SDG_10_20(1.0),28/11/22 11:00:00,A,PPS_EU27_2020_HAB,SK,2006,9936,
ESTAT:SDG_10_20(1.0),28/11/22 11:00:00,A,PPS_EU27_2020_HAB,SK,2007,11176,
ESTAT:SDG_10_20(1.0),28/11/22 11:00:00,A,PPS_EU27_2020_HAB,SK,2008,12523,
ESTAT:SDG_10_20(1.0),28/11/22 11:00:00,A,PPS_EU27_2020_HAB,SK,2009,12705,
ESTAT:SDG_10_20(1.0),28/11/22 11:00:00,A,PPS_EU27_2020_HAB,SK,2010,13847,
ESTAT:SDG_10_20(1.0),28/11/22 11:00:00,A,PPS_EU27_2020_HAB,SK,2011,13795,
ESTAT:SDG_10_20(1.0),28/11/22 11:00:00,A,PPS_EU27_2020_HAB,SK,2012,14001,
ESTAT:SDG_10_20(1.0),28/11/22 11:00:00,A,PPS_EU27_2020_HAB,SK,2013,14164,
ESTAT:SDG_10_20(1.0),28/11/22 11:00:00,A,PPS_EU27_2020_HAB,SK,2014,14298,
ESTAT:SDG_10_20(1.0),28/11/22 11:00:00,A,PPS_EU27_2020_HAB,SK,2015,14961,
ESTAT:SDG_10_20(1.0),28/11/22 11:00:00,A,PPS_EU27_2020_HAB,SK,2016,14102,
ESTAT:SDG_10_20(1.0),28/11/22 11:00:00,A,PPS_EU27_2020_HAB,SK,2017,14111,
ESTAT:SDG_10_20(1.0),28/11/22 11:00:00,A,PPS_EU27_2020_HAB,SK,2018,14784,
ESTAT:SDG_10_20(1.0),28/11/22 11:00:00,A,PPS_EU27_2020_HAB,SK,2019,15316,
ESTAT:SDG_10_20(1.0),28/11/22 11:00:00,A,PPS_EU27_2020_HAB,SK,2020,15242,
ESTAT:SDG_10_20(1.0),28/11/22 11:00:00,A,PPS_EU27_2020_HAB,SK,2021,15916,
ESTAT:SDG_10_20(1.0),28/11/22 11:00:00,A,PPS_EU27_2020_HAB,UK,2000,16231,
ESTAT:SDG_10_20(1.0),28/11/22 11:00:00,A,PPS_EU27_2020_HAB,UK,2001,17220,
ESTAT:SDG_10_20(1.0),28/11/22 11:00:00,A,PPS_EU27_2020_HAB,UK,2002,17759,
ESTAT:SDG_10_20(1.0),28/11/22 11:00:00,A,PPS_EU27_2020_HAB,UK,2003,18424,
ESTAT:SDG_10_20(1.0),28/11/22 11:00:00,A,PPS_EU27_2020_HAB,UK,2004,19641,
ESTAT:SDG_10_20(1.0),28/11/22 11:00:00,A,PPS_EU27_2020_HAB,UK,2005,19923,
ESTAT:SDG_10_20(1.0),28/11/22 11:00:00,A,PPS_EU27_2020_HAB,UK,2006,20754,
ESTAT:SDG_10_20(1.0),28/11/22 11:00:00,A,PPS_EU27_2020_HAB,UK,2007,21286,
ESTAT:SDG_10_20(1.0),28/11/22 11:00:00,A,PPS_EU27_2020_HAB,UK,2008,21607,
ESTAT:SDG_10_20(1.0),28/11/22 11:00:00,A,PPS_EU27_2020_HAB,UK,2009,21217,
ESTAT:SDG_10_20(1.0),28/11/22 11:00:00,A,PPS_EU27_2020_HAB,UK,2010,21446,
ESTAT:SDG_10_20(1.0),28/11/22 11:00:00,A,PPS_EU27_2020_HAB,UK,2011,21406,
ESTAT:SDG_10_20(1.0),28/11/22 11:00:00,A,PPS_EU27_2020_HAB,UK,2012,21915,
ESTAT:SDG_10_20(1.0),28/11/22 11:00:00,A,PPS_EU27_2020_HAB,UK,2013,21879,
ESTAT:SDG_10_20(1.0),28/11/22 11:00:00,A,PPS_EU27_2020_HAB,UK,2014,22165,
ESTAT:SDG_10_20(1.0),28/11/22 11:00:00,A,PPS_EU27_2020_HAB,UK,2015,23091,
ESTAT:SDG_10_20(1.0),28/11/22 11:00:00,A,PPS_EU27_2020_HAB,UK,2016,22874,
ESTAT:SDG_10_20(1.0),28/11/22 11:00:00,A,PPS_EU27_2020_HAB,UK,2017,23157,
ESTAT:SDG_10_20(1.0),28/11/22 11:00:00,A,PPS_EU27_2020_HAB,UK,2018,23669,
ESTAT:SDG_10_20(1.0),28/11/22 11:00:00,A,PPS_EU27_2020_HAB,UK,2019,24508,
